image_path,yellow_pct,dark_pct
../data/raw/banana_set_large\20230204_082930_jpg.rf.530ec06a39a81da5240eb0b53400d281.jpg,8.6,11.1
../data/raw/banana_set_large\20230204_082939_jpg.rf.f43912cdd37a56203e4ef75ca5a600c7.jpg,21.0,21.4
../data/raw/banana_set_large\20230204_082945_jpg.rf.ddd370771915cddd558ddc382d8b1514.jpg,23.7,20.9
../data/raw/banana_set_large\20230204_082949_jpg.rf.7e9f051513c941b8a0e45a81e11fb441.jpg,9.9,16.0
../data/raw/banana_set_large\20230204_082957831_jpg.rf.22e97cdf2ec1f20f0f43e01543fd7243.jpg,5.7,8.4
../data/raw/banana_set_large\20230204_083005243_jpg.rf.32505d2a7bbfccd470a5d6f56ec757aa.jpg,4.5,8.5
../data/raw/banana_set_large\20230204_083009851_jpg.rf.fc529e490d973028381dc268c8d5dae3.jpg,12.2,30.3
../data/raw/banana_set_large\20230204_083018435_jpg.rf.a9b52f33545950a7621b01b4f02dcefb.jpg,9.6,8.0
../data/raw/banana_set_large\20230204_083026344_jpg.rf.d4dbf446f6786cbb42560f04ec2e42be.jpg,11.1,7.8
../data/raw/banana_set_large\20230204_083027_jpg.rf.915e5a5f9369e9619301fe4b29a04d41.jpg,22.6,30.6
../data/raw/banana_set_large\20230204_083030_jpg.rf.7d3b9ef4c1e40ae3092c71e012fd7517.jpg,23.1,16.8
../data/raw/banana_set_large\20230204_083031895_jpg.rf.a7dea5ed643f68f046e7ceb248c90230.jpg,4.6,6.1
../data/raw/banana_set_large\20230204_083035_jpg.rf.d3102d124a618f7f8dc60e780cea880e.jpg,19.5,16.8
../data/raw/banana_set_large\20230204_083039_jpg.rf.94a05e536f42fd512c02c0d585a3c8d3.jpg,18.3,12.7
../data/raw/banana_set_large\20230204_083206_jpg.rf.2fc28b7a0c5caa6413d88ae7cd54062e.jpg,20.6,11.8
../data/raw/banana_set_large\20230204_083210_jpg.rf.def660addfab2758162db786f1dd3774.jpg,0.0,29.6
../data/raw/banana_set_large\20230204_083214_jpg.rf.094eea71035ecee3da5bdcb02348e61d.jpg,0.0,21.7
../data/raw/banana_set_large\20230204_083219_jpg.rf.8aca2688509110e9fdf0ed6249fbef6c.jpg,36.1,2.2
../data/raw/banana_set_large\20230204_083227_jpg.rf.aad5246e0c6e5a975b8cf4308d75b822.jpg,1.2,23.5
../data/raw/banana_set_large\20230204_083314019_jpg.rf.6f22efed9c8c1dce4df3c0a177f70459.jpg,1.4,40.5
../data/raw/banana_set_large\20230204_083318940_jpg.rf.296e3bf4166324bd66595030583eed18.jpg,1.4,70.5
../data/raw/banana_set_large\20230204_083323351_jpg.rf.e8317482ee82e442cf3efd8941cd8652.jpg,3.1,74.6
../data/raw/banana_set_large\20230204_083329953_jpg.rf.4d6b249c17ea45c54a0fdb3d7cb59a83.jpg,1.9,68.2
../data/raw/banana_set_large\20230204_083428_jpg.rf.e0e79c7cf054de177a02955e0b5bd001.jpg,9.3,8.0
../data/raw/banana_set_large\20230204_083432_jpg.rf.6296b8b02bea01aba0f41835b4db2d19.jpg,16.8,29.0
../data/raw/banana_set_large\20230204_083437_jpg.rf.10731255765c4f9e01d6ce1889fe0d0e.jpg,16.6,19.0
../data/raw/banana_set_large\20230204_083438697_jpg.rf.db8b65b35a3fe17e18a027a8642d38ad.jpg,43.5,32.3
../data/raw/banana_set_large\20230204_083446721_jpg.rf.76a4e18da294bb99f69332313845a6d4.jpg,26.4,35.8
../data/raw/banana_set_large\20230204_083455887_jpg.rf.51bc5a07752fb3eb9b20e153e1404f00.jpg,37.3,15.2
../data/raw/banana_set_large\20230204_083513045_jpg.rf.522a5be929914a4e27eb3421a2340a0a.jpg,33.3,31.9
../data/raw/banana_set_large\20230204_083529977_jpg.rf.4c0d366d6d7fbd319acf13e750d79c6d.jpg,31.5,12.6
../data/raw/banana_set_large\20230204_083536663_jpg.rf.81552ad75c36d80d551e153b075a49ad.jpg,26.7,8.7
../data/raw/banana_set_large\20230204_083603893_jpg.rf.70b47051a0f0edff41812e3dcd95f5ae.jpg,5.2,39.4
../data/raw/banana_set_large\20230204_083609131_jpg.rf.661de8a7a5959d18c6df7f8e74120ed7.jpg,3.0,41.6
../data/raw/banana_set_large\20230204_083646_jpg.rf.df55341b6ffb71d2c7fa4862dda9e144.jpg,13.1,25.3
../data/raw/banana_set_large\20230204_083655_jpg.rf.e4e583e8b916b2fedc82ae2ed6980e21.jpg,13.5,22.2
../data/raw/banana_set_large\20230204_083705_jpg.rf.10f9bb480ab7015da7cf7359cd500c9e.jpg,15.6,29.6
../data/raw/banana_set_large\20230204_083718_jpg.rf.454d664ab77d16a194e60a2d33e2b048.jpg,0.3,45.5
../data/raw/banana_set_large\20230204_083731_jpg.rf.ba217f712e81ee9e2d512d8fbd15076f.jpg,15.9,34.4
../data/raw/banana_set_large\20230204_083743_jpg.rf.eb9491a33c6fa8f92095a404167807b8.jpg,8.2,24.4
../data/raw/banana_set_large\20230204_083746527_jpg.rf.fe08c90c47efe3a7d762019f396d8799.jpg,10.3,34.3
../data/raw/banana_set_large\20230204_083750100_jpg.rf.64a56aaa1bb3925c3194d60ab29023f9.jpg,20.0,22.3
../data/raw/banana_set_large\20230204_083757220_jpg.rf.e3d6e6e64962e3fed0b1dbf334cd062b.jpg,11.0,31.6
../data/raw/banana_set_large\20230204_083800_jpg.rf.f5e416cc8d6549486987dd253bbcf24a.jpg,15.6,23.5
../data/raw/banana_set_large\20230204_083810_jpg.rf.684a184db056341725a8de62b92fa86d.jpg,14.9,25.5
../data/raw/banana_set_large\20230204_083926_jpg.rf.2e0a827e6a0f67e67a569bd1cdb8ce28.jpg,10.6,27.3
../data/raw/banana_set_large\20230204_083939_jpg.rf.c84324ac487f807e0a157fb8c1243f17.jpg,10.0,7.6
../data/raw/banana_set_large\20230204_083954368_jpg.rf.04f9dc15d5a04329ebe1fc7341454dc1.jpg,20.4,11.4
../data/raw/banana_set_large\20230204_084006817-copia-_jpg.rf.1ad4f1b958a204eaae4d57a83b743a6c.jpg,17.2,14.8
../data/raw/banana_set_large\20230204_084011526_jpg.rf.0a39d13af729a5fda830d7a431b191ec.jpg,23.3,17.4
../data/raw/banana_set_large\20230204_084022_jpg.rf.9f0b3ee73a192d62fcfc488e1d79b131.jpg,2.5,20.0
../data/raw/banana_set_large\20230204_084028179_jpg.rf.6fb6729410d4573ff43d34bac9c5f54d.jpg,17.0,16.6
../data/raw/banana_set_large\20230204_084042298_jpg.rf.2197cf4328a910f1f690e19d3b05785a.jpg,20.3,7.9
../data/raw/banana_set_large\20230204_084051331_jpg.rf.a0f69b58fc2b6ec8611ac42c7cf44db5.jpg,24.1,19.3
../data/raw/banana_set_large\20230204_084243_jpg.rf.3e32e141939436a02c05989c99518a6a.jpg,11.6,37.7
../data/raw/banana_set_large\20230204_084320_jpg.rf.c989a65a4927e8c00125f56ba3a2d820.jpg,21.1,33.7
../data/raw/banana_set_large\20230204_084323370_jpg.rf.59545dba20c3512eb1bedfd4bc1a1bad.jpg,19.8,24.9
../data/raw/banana_set_large\20230204_084342_jpg.rf.a69ce7219493a662571328a27f3719a0.jpg,18.6,38.2
../data/raw/banana_set_large\20230204_084354635_jpg.rf.da6bc8b899d88fb38505a1d5acea5069.jpg,24.3,25.2
../data/raw/banana_set_large\20230204_084401_jpg.rf.7253367435c8b147e36407ac63f15363.jpg,22.2,17.4
../data/raw/banana_set_large\20230204_084412143_jpg.rf.9e2cad56a730a6d824807beb2c101e88.jpg,13.5,17.5
../data/raw/banana_set_large\20230204_084414_jpg.rf.b6f62e5de8f03dc91eb54ceea25ad7e2.jpg,17.0,25.1
../data/raw/banana_set_large\20230204_084428_jpg.rf.6b0f76de66a20d8b29e68f7b07698d48.jpg,9.7,20.1
../data/raw/banana_set_large\20230204_084445158_jpg.rf.9eacef83fbed4d2d37277f1edafd4879.jpg,16.7,30.1
../data/raw/banana_set_large\20230204_084450_jpg.rf.06938ca95cf63b3bc0675b974d361b29.jpg,31.0,14.0
../data/raw/banana_set_large\20230204_084508193_jpg.rf.4fd56f3a6b5fa183048d88be55b35913.jpg,16.0,3.9
../data/raw/banana_set_large\20230204_084514_jpg.rf.5410061ceb80f8ea8615367e3ef121f0.jpg,21.3,26.2
../data/raw/banana_set_large\20230204_084519813_jpg.rf.391fc9ea9001eb60e581adfa5afe855c.jpg,15.6,1.2
../data/raw/banana_set_large\20230204_084527_jpg.rf.c2517b1dce76e52bfec234ff15fa9d13.jpg,15.7,26.2
../data/raw/banana_set_large\20230204_084534752_jpg.rf.c5879758bcf63f871af6bc06d8d1271c.jpg,5.3,6.4
../data/raw/banana_set_large\20230204_084546764_jpg.rf.5e8cfaf1f722df33238ba29a8bd1a171.jpg,10.4,2.0
../data/raw/banana_set_large\20230204_084556_jpg.rf.3e818a6fcd631d9de35ecf11a6ee0600.jpg,2.3,7.9
../data/raw/banana_set_large\20230204_084601679_jpg.rf.50966e1c2e4860b9cbead393f5fe6f57.jpg,14.7,2.1
../data/raw/banana_set_large\20230204_084604_jpg.rf.329a5ecdbbcc97e2e9e24870d9175455.jpg,1.2,5.6
../data/raw/banana_set_large\20230204_084608486_jpg.rf.6ad1d940c5cadb2398b816a346e799ac.jpg,0.9,8.3
../data/raw/banana_set_large\20230204_084617_jpg.rf.8ed2c28c8550197485e2c28bf30d605f.jpg,1.7,5.8
../data/raw/banana_set_large\20230204_084622511_jpg.rf.8b580666d199e49d6b1197d2fde61dc3.jpg,31.8,5.9
../data/raw/banana_set_large\20230204_084628_jpg.rf.c34737342ca9b16fce8dd8aac7e103ab.jpg,1.4,5.4
../data/raw/banana_set_large\20230204_084635811_jpg.rf.05726d4907b770ecd97c16dd4ba7d387.jpg,20.7,2.8
../data/raw/banana_set_large\20230204_084646_jpg.rf.a3d387add46b237aeca505b3eb58dbcd.jpg,27.5,5.7
../data/raw/banana_set_large\20230204_084652_jpg.rf.3c69a39f41855906f2639d96aa9684b0.jpg,1.5,3.9
../data/raw/banana_set_large\20230204_084654781_jpg.rf.6809bb3da575326897701c665220226f.jpg,22.8,3.6
../data/raw/banana_set_large\20230204_084702_jpg.rf.7995879fa7dca91ace5394c1f05c6005.jpg,17.6,6.0
../data/raw/banana_set_large\20230204_084714_jpg.rf.aedb2ecd59af77148df76abeb2bd0063.jpg,24.2,5.6
../data/raw/banana_set_large\20230204_084751_jpg.rf.1a4712aac524f75a979e8c345f50f1b5.jpg,11.1,8.7
../data/raw/banana_set_large\20230204_084801_jpg.rf.904e374b05b9dd48df2dbb0892007ead.jpg,3.6,3.2
../data/raw/banana_set_large\20230204_084806_jpg.rf.0c394ce44010d6be4558381d927541fa.jpg,13.2,13.5
../data/raw/banana_set_large\20230204_084807151_jpg.rf.693dbc2d5c28caa08a9fe9c0f8453c6d.jpg,9.4,18.4
../data/raw/banana_set_large\20230204_084812_jpg.rf.b4398df12b7b0dacc4986955f73e4752.jpg,13.1,8.8
../data/raw/banana_set_large\20230204_084824436_jpg.rf.3c0cf341b0be59782678f2b3a3ed0201.jpg,30.6,11.9
../data/raw/banana_set_large\20230204_084824_jpg.rf.a5d373bd59876c604e5500372248e746.jpg,11.2,7.4
../data/raw/banana_set_large\20230204_084829582_jpg.rf.54137cd5098da3c8c15583413d3cdfad.jpg,26.4,17.5
../data/raw/banana_set_large\20230204_084831_jpg.rf.7382c9aecbcecc8527cb4a6b23d79afc.jpg,0.5,4.1
../data/raw/banana_set_large\20230204_084835_jpg.rf.ece8cbb9cbc38c5d6b9287385a2ca327.jpg,2.1,8.1
../data/raw/banana_set_large\20230204_084840754_jpg.rf.c8ae13c189109ec33af0f25aeb8665a6.jpg,17.7,13.4
../data/raw/banana_set_large\20230204_084855899_jpg.rf.3e53baae2b9a1319dc093f0fe050a2c9.jpg,28.5,4.5
../data/raw/banana_set_large\20230204_084914324_jpg.rf.095eeb913a2e49a4e71182978981fa6b.jpg,20.8,4.3
../data/raw/banana_set_large\20230204_084919801_jpg.rf.03809e2629faffb85c406d6a24001af7.jpg,20.8,5.0
../data/raw/banana_set_large\20230204_084937_jpg.rf.95e4d501b1d5fc400222305ef53d6543.jpg,24.2,4.2
../data/raw/banana_set_large\20230204_084947_jpg.rf.74a351528e03bb81ab97a63e88614d18.jpg,3.1,4.2
../data/raw/banana_set_large\20230204_084948917_jpg.rf.9d4e3b489fed6d02863d2f6c3f730a2b.jpg,35.0,6.5
../data/raw/banana_set_large\20230204_085015747_jpg.rf.acc8c1428ee6a4a329f5fa5cb34f3c10.jpg,23.5,23.4
../data/raw/banana_set_large\20230204_085022097_jpg.rf.fab06500038c06c321575da47631d3a1.jpg,30.7,26.1
../data/raw/banana_set_large\20230204_085026_jpg.rf.24666a07c92bbff935f03670feb700a9.jpg,14.2,17.3
../data/raw/banana_set_large\20230204_085032763_jpg.rf.1a50da270442a396680383753cdaa8f4.jpg,24.1,27.0
../data/raw/banana_set_large\20230204_085033_jpg.rf.18c2659562f3a40e314f28e6f5824a95.jpg,11.2,4.8
../data/raw/banana_set_large\20230204_085038_jpg.rf.d3e3f321168f5e3a5423d5b5cd717fca.jpg,18.3,5.6
../data/raw/banana_set_large\20230204_085049_jpg.rf.ba56c5b7fc15119095fe1eaec727cdaf.jpg,16.0,17.9
../data/raw/banana_set_large\20230204_085102258_jpg.rf.6d2fa19e598380ff2e850156e84699d4.jpg,21.0,15.7
../data/raw/banana_set_large\20230204_085111234_jpg.rf.a4268fa27a5b42772da119fe24da6c8f.jpg,37.2,19.1
../data/raw/banana_set_large\20230204_085115_jpg.rf.4e7404d7bdc29b7d68ab4a20432f96c0.jpg,40.9,23.7
../data/raw/banana_set_large\20230204_085125272_jpg.rf.b7fb36d5a735b5907b85c41127ad75b5.jpg,12.6,43.4
../data/raw/banana_set_large\20230204_085125_jpg.rf.736f6d396c416cf19fafcd0b0da7983a.jpg,30.0,26.8
../data/raw/banana_set_large\20230213_075010_jpg.rf.e1988e78028d83f1fcd5497c44215ca5.jpg,50.5,16.9
../data/raw/banana_set_large\20230213_075025_jpg.rf.3dcba904d04bee23d0acb3da839782e4.jpg,0.0,66.9
../data/raw/banana_set_large\20230213_075035_jpg.rf.2823316aefd5b80d120db96612034d9e.jpg,37.9,8.7
../data/raw/banana_set_large\20230213_075052_jpg.rf.4ae0ad2b5e057d1e84f78900e52b905f.jpg,23.1,10.8
../data/raw/banana_set_large\20230213_075058_jpg.rf.e3a3303bbbc7374051b3aa6ffeb7fc07.jpg,11.7,10.6
../data/raw/banana_set_large\20230213_075104_jpg.rf.73045f1e8308d873c5b270db9688ecb1.jpg,38.9,17.9
../data/raw/banana_set_large\20230213_075113_jpg.rf.0c833a74f1242041ff60e08d203a2d8a.jpg,15.8,11.5
../data/raw/banana_set_large\20230213_075116_jpg.rf.716b09d60a95f63aeb299b4a0cce2f30.jpg,49.9,22.3
../data/raw/banana_set_large\20230213_075118_jpg.rf.151317652c8c98e6b09cbac7369af8f2.jpg,43.3,41.6
../data/raw/banana_set_large\20230213_075123_jpg.rf.84db27a452cbd105ee809929738f741d.jpg,36.1,8.8
../data/raw/banana_set_large\20230213_075128_jpg.rf.d0e765483f258bb10d823ba43252fef8.jpg,23.9,11.6
../data/raw/banana_set_large\20230213_075128_jpg.rf.e30509f1e93046445fb2dfa18729ac2c.jpg,10.8,20.4
../data/raw/banana_set_large\20230213_075136_jpg.rf.d82cadc49db7be93f6f1c520ea18273d.jpg,16.4,6.0
../data/raw/banana_set_large\20230213_075140_jpg.rf.2fd460f370484c508d911d70e4a294c6.jpg,16.7,15.7
../data/raw/banana_set_large\20230213_075149_jpg.rf.dde93c49708ca58e09e68a9475c2e31d.jpg,17.8,11.9
../data/raw/banana_set_large\20230213_075151_jpg.rf.0c07c3843921e85a69cc3d855dcf9360.jpg,48.3,23.5
../data/raw/banana_set_large\20230213_075158_jpg.rf.72b9f4ac7075ab66a982d42f983e8464.jpg,21.2,21.1
../data/raw/banana_set_large\20230213_075214_jpg.rf.8a00725e4226dffb03fa2d16504f5d03.jpg,33.0,13.6
../data/raw/banana_set_large\20230213_075216_jpg.rf.b542704e48aa8b5010accfa1d0bc0fbc.jpg,32.0,28.3
../data/raw/banana_set_large\20230213_075221_jpg.rf.d23722ae0c32e6b23ecb6b2c01b406ba.jpg,8.5,18.9
../data/raw/banana_set_large\20230213_075226_jpg.rf.f3c5d7a0da2cc896727c8baca3d4d3e7.jpg,19.2,16.6
../data/raw/banana_set_large\20230213_075232_jpg.rf.ce4e89c6ec5403b1ba4b5fe08213de68.jpg,15.8,12.4
../data/raw/banana_set_large\20230213_075234_jpg.rf.60a1e78499de9af242d220400ea17b20.jpg,13.2,12.8
../data/raw/banana_set_large\20230213_075235_jpg.rf.4507ed7cec65b28a0d797421d12b8a78.jpg,7.5,22.4
../data/raw/banana_set_large\20230213_075243_jpg.rf.bbe6d7ea1d2aab6180d29dec22ad35db.jpg,18.0,7.8
../data/raw/banana_set_large\20230213_075248_jpg.rf.fff0601ea3f8c1e36bc8fda39bf1a22e.jpg,15.4,14.9
../data/raw/banana_set_large\20230213_075257_jpg.rf.572632a05f3a5a375801078d2bf7adda.jpg,30.2,7.3
../data/raw/banana_set_large\20230213_075303_jpg.rf.635ca4e314b911eec51d78b848a466f0.jpg,48.3,5.7
../data/raw/banana_set_large\20230213_075307_jpg.rf.a7a1cac3858afa6266c2f43f79409ad0.jpg,23.3,11.1
../data/raw/banana_set_large\20230213_075309_jpg.rf.954fbf37756f489a378005049fb9fe10.jpg,21.5,16.1
../data/raw/banana_set_large\20230213_075316_jpg.rf.98cf413c9667c366d3256de7f48f4395.jpg,19.1,16.5
../data/raw/banana_set_large\20230213_075317_jpg.rf.60fae925acf79e6c69f1dcc7c53c4d4c.jpg,33.2,14.5
../data/raw/banana_set_large\20230213_075322_jpg.rf.8d2412923e2c30b5f56eaf67feb9f1ba.jpg,21.5,6.0
../data/raw/banana_set_large\20230213_075331_jpg.rf.4a7555f86e26bb7c79fdf34ac32159ef.jpg,30.2,2.1
../data/raw/banana_set_large\20230213_075340_jpg.rf.f869c2cfa95730657aca83de72bbebc1.jpg,35.1,11.7
../data/raw/banana_set_large\20230213_075348_jpg.rf.0f684d54d546a83bdcc2b61f28211f95.jpg,35.1,12.4
../data/raw/banana_set_large\20230213_075348_jpg.rf.1d4702328f1b29dd68be76b75ba9d83f.jpg,19.3,5.9
../data/raw/banana_set_large\20230213_075406_jpg.rf.beab5215043628c9446ecb0baea7128d.jpg,10.4,10.5
../data/raw/banana_set_large\20230213_075410_jpg.rf.dab792925abc3c11d9b15116d27b925c.jpg,11.9,11.4
../data/raw/banana_set_large\20230213_075413_jpg.rf.1f649e0cf8fe192885e3d85ee1320b41.jpg,7.2,8.4
../data/raw/banana_set_large\20230213_075428_jpg.rf.8360d1912bf1020b8f287e7a76085d1c.jpg,15.7,6.1
../data/raw/banana_set_large\20230213_075429_jpg.rf.00943925ab24dfa9c17026d0d3520a8d.jpg,14.5,8.8
../data/raw/banana_set_large\20230213_075435_jpg.rf.8983d3de3a99806fbc1c7d5612f87963.jpg,13.3,10.2
../data/raw/banana_set_large\20230213_075437_jpg.rf.44936c37a7f4688a7de5989a6277b743.jpg,9.6,3.8
../data/raw/banana_set_large\20230213_075442_jpg.rf.e8043feb33aa228cf2d1a45fb695c6d2.jpg,12.1,12.1
../data/raw/banana_set_large\20230213_075444_jpg.rf.0266f895db1386c99183b34af438d5eb.jpg,13.2,7.6
../data/raw/banana_set_large\20230213_075500_jpg.rf.499d3f67c6d154c3b9790f1e59225fd0.jpg,15.0,8.0
../data/raw/banana_set_large\20230213_075503_jpg.rf.d36a3f92883680f9a039daa59806bde6.jpg,37.9,16.9
../data/raw/banana_set_large\20230213_075509_jpg.rf.f9cf5484a51a60ea6bbf6224b6089c51.jpg,28.7,26.7
../data/raw/banana_set_large\20230213_075512_jpg.rf.da4ec194d98de726a7a220b4764acd21.jpg,12.2,6.7
../data/raw/banana_set_large\20230213_075517_jpg.rf.a202703b7672f10c60c96df781197cc0.jpg,11.1,5.7
../data/raw/banana_set_large\20230213_075517_jpg.rf.aef17152e027e63bfa52f8748e980e54.jpg,34.7,17.2
../data/raw/banana_set_large\20230213_075523_jpg.rf.4d89aa0e344e96b7f745ac8848989ce7.jpg,13.7,9.9
../data/raw/banana_set_large\20230213_075528_jpg.rf.05486c52fa01330d13668c53b7bf7749.jpg,30.4,9.6
../data/raw/banana_set_large\20230213_075541_jpg.rf.02085ce15f77e1663061968cfb92de26.jpg,39.6,7.6
../data/raw/banana_set_large\20230213_075543_jpg.rf.27d4855c3c22ea69b6a373e7af6f0b5a.jpg,39.1,25.0
../data/raw/banana_set_large\20230213_075553_jpg.rf.44a785a775ea12ac2fe6fdc0e04259bf.jpg,11.5,4.6
../data/raw/banana_set_large\20230213_075617_jpg.rf.39d83c80685e5550a56ecb1f6fca21c9.jpg,30.8,10.3
../data/raw/banana_set_large\20230213_075626_jpg.rf.946dce6f1a4d3181a1555b25db488d2f.jpg,19.0,6.0
../data/raw/banana_set_large\20230213_075638_jpg.rf.71ba8ebd62400ece6fe37ed9ca98054c.jpg,33.8,6.6
../data/raw/banana_set_large\20230213_075652_jpg.rf.c22c7649b67e54689ebb56d3ab39a43c.jpg,8.9,5.8
../data/raw/banana_set_large\20230213_075702_jpg.rf.247a2625416636cd9ca8f0e5ad95fca7.jpg,19.2,15.0
../data/raw/banana_set_large\20230213_075706_jpg.rf.6e326c94c3813a80335241697ebe99e4.jpg,30.0,11.3
../data/raw/banana_set_large\20230213_075722_jpg.rf.c0696341358fc2bb6f1a72982ac76608.jpg,17.6,12.4
../data/raw/banana_set_large\20230213_075729_jpg.rf.32051d6094dd87ad18d3d7cebe7efde8.jpg,49.2,4.8
../data/raw/banana_set_large\20230213_075729_jpg.rf.f8c14c018bd8f1ceb67e7da63da82c63.jpg,55.0,16.8
../data/raw/banana_set_large\20230213_075733_jpg.rf.ea482f23de5cdd4dfb4b1eb0b33ae7c2.jpg,12.1,12.4
../data/raw/banana_set_large\20230213_075735_jpg.rf.2b247d8bd02dbdab662bc2df7b4bd835.jpg,14.5,8.5
../data/raw/banana_set_large\20230213_075741_jpg.rf.67c75c002ca84c88c5c9874260a1125b.jpg,27.7,5.4
../data/raw/banana_set_large\20230213_075741_jpg.rf.913e1be734d07cf603bb8fb7024d1cff.jpg,34.0,22.1
../data/raw/banana_set_large\20230213_075744_jpg.rf.eedb695e974c899b0da7df9ff1bbd849.jpg,15.0,10.9
../data/raw/banana_set_large\20230213_075748_jpg.rf.419c1825c6a5e0fca887b5519b7ed2d4.jpg,22.3,8.6
../data/raw/banana_set_large\20230213_075753_jpg.rf.9907c21fbcb0055700670f93e3fc8473.jpg,14.7,18.6
../data/raw/banana_set_large\20230213_075758_jpg.rf.8387743c46d7bac0966847586de84a6f.jpg,24.4,20.3
../data/raw/banana_set_large\20230213_075801_jpg.rf.fc921fbd427ccc43cc75192d1c0b7d6d.jpg,9.6,20.3
../data/raw/banana_set_large\20230213_075811_jpg.rf.29b2e778a8d95043849ad2dfc32dd873.jpg,10.3,5.6
../data/raw/banana_set_large\20230213_075815_jpg.rf.da7caa2f74211601c1bda554ca512557.jpg,13.8,23.1
../data/raw/banana_set_large\20230213_075819_jpg.rf.3a83cfa5d743f4f57e02b80a99f7d0bd.jpg,27.7,11.0
../data/raw/banana_set_large\20230213_075822_jpg.rf.e667fa8b153736b6a2ea6302718145a8.jpg,20.4,20.0
../data/raw/banana_set_large\20230213_075826_jpg.rf.ee4f55b37892715413a3b485547e9f1b.jpg,20.6,22.9
../data/raw/banana_set_large\20230213_075828_jpg.rf.d33dc3f5e1507963a22c96423d3ce14b.jpg,15.0,12.8
../data/raw/banana_set_large\20230213_075835_jpg.rf.036f05e434fcadbb71a300704389a6c7.jpg,38.7,31.1
../data/raw/banana_set_large\20230213_075836_jpg.rf.2ac7381fea05d8140337f3bcc5dd7949.jpg,23.5,18.3
../data/raw/banana_set_large\20230213_075841_jpg.rf.c1ebcc19e04000dde1e34cc5f3e441b5.jpg,19.0,15.1
../data/raw/banana_set_large\20230213_075843_jpg.rf.2399f7aad022ccf5cb7351d695857e2f.jpg,9.7,20.8
../data/raw/banana_set_large\20230213_075847_jpg.rf.b1ff79e3e719107249adb757140d6758.jpg,40.4,13.2
../data/raw/banana_set_large\20230213_075849_jpg.rf.c84c8ae05fda87e8b5375607c5ed415f.jpg,26.3,14.9
../data/raw/banana_set_large\20230213_075850_jpg.rf.2a433694c716d62da72966642803ea93.jpg,22.7,18.1
../data/raw/banana_set_large\20230213_075854_jpg.rf.3d70b299e60e800e748427ad5bd5d713.jpg,38.1,11.3
../data/raw/banana_set_large\20230213_075856_jpg.rf.61d8c6b01391b485e22ded8ed03c037c.jpg,20.6,18.8
../data/raw/banana_set_large\20230213_075858_jpg.rf.ab2063cf124f260088aa9506bc0cbdfb.jpg,22.8,16.8
../data/raw/banana_set_large\20230213_075906_jpg.rf.4d93258e386d7511180d3905ad0fbc31.jpg,45.0,10.5
../data/raw/banana_set_large\20230213_075907_jpg.rf.46e5cfb38601f9f81ed786b3073bd9a8.jpg,31.2,13.8
../data/raw/banana_set_large\20230213_075916_jpg.rf.1e8a1c80732159fe8140af623b1a5c9a.jpg,24.9,8.0
../data/raw/banana_set_large\20230213_075926_jpg.rf.d9c82c9d624f71f0c915d75fc2832c31.jpg,25.3,12.8
../data/raw/banana_set_large\20230213_075934_jpg.rf.5604c976f5a2b45dd509bf83e1e2a947.jpg,23.4,22.2
../data/raw/banana_set_large\20230213_075945_jpg.rf.d821806d8e56d4d449ba9b80b5fe955f.jpg,25.8,11.5
../data/raw/banana_set_large\20230213_075953_jpg.rf.1e22ea86fef8df152da321843bb076ea.jpg,26.4,13.5
../data/raw/banana_set_large\20230213_080002_jpg.rf.9839ff7bfc0cfde453347e5f98f840ff.jpg,25.6,14.0
../data/raw/banana_set_large\20230213_080038_jpg.rf.9272ba9864d3778e305db03ec5415183.jpg,43.8,20.6
../data/raw/banana_set_large\20230213_080045_jpg.rf.153c177db4fe1af5d3fbe06bdb2c038e.jpg,48.8,18.8
../data/raw/banana_set_large\20230213_080049_jpg.rf.3c6a42450b98a8db41b9d1f9e57abe1d.jpg,15.7,13.1
../data/raw/banana_set_large\20230213_080052_jpg.rf.a1c76e89536c5044b33e4b080f582a9e.jpg,47.2,11.6
../data/raw/banana_set_large\20230213_080054_jpg.rf.cd5d450c1a6c8dd1988a76079e9b9d9a.jpg,29.5,22.3
../data/raw/banana_set_large\20230213_080058_jpg.rf.4bf2e8ac2b99340efda195129c89652d.jpg,37.6,29.6
../data/raw/banana_set_large\20230213_080059_jpg.rf.81d843b35cca57dccb34c5b8b0b48a43.jpg,47.7,13.5
../data/raw/banana_set_large\20230213_080103_jpg.rf.ddf19edabcbc9121e474f9909aea03de.jpg,27.3,8.7
../data/raw/banana_set_large\20230213_080111_jpg.rf.2af03a51202e9a288b67f5387098742a.jpg,33.0,24.1
../data/raw/banana_set_large\20230213_080116_jpg.rf.5182a9d2b2c7894090705ac84c249370.jpg,28.0,11.8
../data/raw/banana_set_large\20230213_080118_jpg.rf.f6753c93880f4ffdf1e754a34a319b35.jpg,28.6,10.3
../data/raw/banana_set_large\20230213_080120_jpg.rf.30fa43c91b4ca91e66d203acf62bcc65.jpg,21.7,10.6
../data/raw/banana_set_large\20230213_080124_jpg.rf.c6250587d9f5fd149d4bc852b86c54c2.jpg,10.5,23.5
../data/raw/banana_set_large\20230213_080125_jpg.rf.e9a22e1b7d69325242d2ece38dcbcc82.jpg,36.7,16.6
../data/raw/banana_set_large\20230213_080131_jpg.rf.b8f488198d7e9b36f81d0a95d927e150.jpg,39.6,16.8
../data/raw/banana_set_large\20230213_080132_jpg.rf.8155e36f02922e55c6612e0d39fb788f.jpg,40.2,14.6
../data/raw/banana_set_large\20230213_080137_jpg.rf.138b8ffb557bd429f0a5b56a1e603d98.jpg,37.1,32.8
../data/raw/banana_set_large\20230213_080138_jpg.rf.6773f8d5b61ddcee70c0dd2684a74cfe.jpg,18.3,18.9
../data/raw/banana_set_large\20230213_080141_jpg.rf.f16c9c4703658475adc2c487ca816100.jpg,0.1,19.0
../data/raw/banana_set_large\20230213_080143_jpg.rf.e0caaa5ad1b4e8f3d41d3882a640a7e1.jpg,17.1,22.3
../data/raw/banana_set_large\20230213_080144_jpg.rf.d18b8e68ba17c657625ba74bf6eafeaf.jpg,19.5,12.9
../data/raw/banana_set_large\20230213_080148_jpg.rf.db9dac0367e022e1a41fe3f37bc85e19.jpg,14.7,14.2
../data/raw/banana_set_large\20230213_080151_jpg.rf.a47f42ee921658c5ba833e02bc3bbbb9.jpg,26.2,28.5
../data/raw/banana_set_large\20230213_080153_jpg.rf.aee261c23b2541a7c7dbea2949ea186c.jpg,16.3,17.2
../data/raw/banana_set_large\20230213_080154_jpg.rf.47f1c5e86f7206113dbda654dd85955a.jpg,26.8,24.4
../data/raw/banana_set_large\20230213_080157_jpg.rf.59eff06f465ea2b7daff7917759536b7.jpg,13.8,13.5
../data/raw/banana_set_large\20230213_080159_jpg.rf.1497de3e96bd4018edcef08d57840a93.jpg,21.6,13.1
../data/raw/banana_set_large\20230213_080202_jpg.rf.83ca322f248a1f1f946c0ac506b6015e.jpg,18.5,15.4
../data/raw/banana_set_large\20230213_080207_jpg.rf.37b183107a07219cb4010c5e0352c366.jpg,52.2,15.6
../data/raw/banana_set_large\20230213_080207_jpg.rf.5e4e0e29640588cbaf4d7cd6a323d7e9.jpg,15.6,13.4
../data/raw/banana_set_large\20230213_080212_jpg.rf.83d86ccaf2b25fd1d096613f8a3d6f6e.jpg,23.6,18.7
../data/raw/banana_set_large\20230213_080215_jpg.rf.d74b721696bbc8676baa629c63602530.jpg,21.4,18.5
../data/raw/banana_set_large\20230213_080218_jpg.rf.dbd66481d24eb6aa3c9ec39bee7730c6.jpg,17.1,19.9
../data/raw/banana_set_large\20230213_080222_jpg.rf.3232155dd2b9d633bee5e4162a7c1751.jpg,37.5,19.1
../data/raw/banana_set_large\20230213_080223_jpg.rf.de6c8a5e58e93213091090fc98382bb8.jpg,12.5,10.0
../data/raw/banana_set_large\20230213_080228_jpg.rf.f096340de6e8aa1249ecc6406c1eb714.jpg,30.6,13.6
../data/raw/banana_set_large\20230213_080235_jpg.rf.487b13b350441084468ea5ecc4830d5a.jpg,31.0,11.1
../data/raw/banana_set_large\20230213_080236_jpg.rf.8b75953a6d4c99eacde163b0ae7c69eb.jpg,53.7,41.1
../data/raw/banana_set_large\20230213_080241_jpg.rf.8bec103457b1fceb297b57a1023285ea.jpg,22.6,25.4
../data/raw/banana_set_large\20230213_080244_jpg.rf.bd9e0ef01ccb68377d7aece53ada267f.jpg,12.4,18.4
../data/raw/banana_set_large\20230213_080249_jpg.rf.ef8ea4d44d7469660daaaf7c9b192368.jpg,22.1,29.0
../data/raw/banana_set_large\20230213_080303_jpg.rf.9ea881eaf2c5493317f9cfa0c78d9326.jpg,15.4,24.3
../data/raw/banana_set_large\20230213_080311_jpg.rf.81579d951e4dd361ccfea03ae92d98e9.jpg,14.2,24.4
../data/raw/banana_set_large\20230213_080320_jpg.rf.2be78e4e07986896b8d6ff93ede054dd.jpg,22.4,23.5
../data/raw/banana_set_large\20230213_080329_jpg.rf.db0ab1f9a4fe17a161122c2a307783e2.jpg,23.2,27.0
../data/raw/banana_set_large\20230213_080337_jpg.rf.579fdc345d5bfb785b01104fdefbe404.jpg,20.6,38.0
../data/raw/banana_set_large\20230213_080344_jpg.rf.0641a4f8ba9fc791ea216376f0d4a91a.jpg,20.7,17.2
../data/raw/banana_set_large\20230213_080351_jpg.rf.7228044b0b3f45188f37c07bbfc4ab15.jpg,43.2,28.7
../data/raw/banana_set_large\20230213_080357_jpg.rf.4686b5178cadc5eaadb32f2812a08c32.jpg,26.7,26.5
../data/raw/banana_set_large\20230213_080406_jpg.rf.bc5ef4405ca50257db401e93c7362a33.jpg,35.1,27.5
../data/raw/banana_set_large\20230213_080436_jpg.rf.834c307ae20c63a69001b45ec1803d9a.jpg,36.1,43.5
../data/raw/banana_set_large\20230213_080442_jpg.rf.84fe43b95bb02c4c3c4a9b8ef302bfb7.jpg,21.3,16.1
../data/raw/banana_set_large\20230213_080446_jpg.rf.052cd5565883be8428bfbbead2de3fc0.jpg,22.3,18.2
../data/raw/banana_set_large\20230213_080451_jpg.rf.0bbc58b9c3bb91e212af978ad5cc4d84.jpg,20.2,19.6
../data/raw/banana_set_large\20230213_080458_jpg.rf.b657e7791ee6d6b27ebc56518ea9acd5.jpg,23.4,15.6
../data/raw/banana_set_large\20230213_080503_jpg.rf.2d60d30751a95a3a82515a80d46d60f5.jpg,7.1,13.3
../data/raw/banana_set_large\20230213_080508_jpg.rf.384e00d939e7a7803bc2e12fb35166fb.jpg,15.2,10.7
../data/raw/banana_set_large\20230213_080512_jpg.rf.de58dc6465bd565a70fd20ac2d2cbacc.jpg,3.9,47.7
../data/raw/banana_set_large\20230213_080513_jpg.rf.131fcac79e0d497a8507b63cba4d1676.jpg,12.6,24.7
../data/raw/banana_set_large\20230213_080519_jpg.rf.7fe63f61a442ffc00238c0bb0acb87a5.jpg,16.4,25.0
../data/raw/banana_set_large\20230213_080524_jpg.rf.b232c1633ba22452de693774d8fa3b68.jpg,0.0,42.2
../data/raw/banana_set_large\20230213_080534_jpg.rf.d88b4665c51030e3256a8ac220516b67.jpg,10.8,14.2
../data/raw/banana_set_large\20230213_080535_jpg.rf.9bbff662a6f0daed27e90e167035fe0b.jpg,38.1,32.8
../data/raw/banana_set_large\20230213_080545_jpg.rf.6e9fe77a071477d6c3710f1e3f285fe4.jpg,48.7,21.9
../data/raw/banana_set_large\20230213_080554_jpg.rf.2c1358b5d99cd459429b8317f97a4816.jpg,8.8,6.7
../data/raw/banana_set_large\20230213_080606_jpg.rf.ecd58ba545d372eb568ade415197470b.jpg,18.9,18.7
../data/raw/banana_set_large\20230213_080607_jpg.rf.e3ed63ecd6a853b484a858fc7227dce9.jpg,34.7,15.3
../data/raw/banana_set_large\20230213_080609_jpg.rf.448c7c47d6394d8ce20eaf69f85e8cb6.jpg,18.8,7.0
../data/raw/banana_set_large\20230213_080620_jpg.rf.d1ab6e24e03c1a99ac94621e1248b9cb.jpg,46.9,14.5
../data/raw/banana_set_large\20230213_080638_jpg.rf.80f97642dda8e0174ff0a628ed181f57.jpg,12.8,33.7
../data/raw/banana_set_large\20230213_080640_jpg.rf.07249c50be9846823d225892eba1aa8b.jpg,14.9,8.1
../data/raw/banana_set_large\20230213_080642_jpg.rf.edf370f747bb1fc1410d729b433fe63a.jpg,19.1,13.5
../data/raw/banana_set_large\20230213_080651_jpg.rf.55437fcce740464298d563a9810aa0a2.jpg,19.4,9.4
../data/raw/banana_set_large\20230213_080655_jpg.rf.c54c82bdf624ef2d63cedc63d3f8d83a.jpg,17.1,8.1
../data/raw/banana_set_large\20230213_080700_jpg.rf.42a2af3b9f13040e1c8d13b55f7e4f6d.jpg,15.6,11.9
../data/raw/banana_set_large\20230213_080735_jpg.rf.03917c80124d4b6dc0c6f21a8afa0e21.jpg,35.2,5.4
../data/raw/banana_set_large\20230213_080739_jpg.rf.e267ddca958b2dd3dd6c88f78a52c6e2.jpg,32.7,25.5
../data/raw/banana_set_large\20230213_080742_jpg.rf.8668977a3d069f959e85abcd110ba363.jpg,35.5,32.9
../data/raw/banana_set_large\20230213_080743_jpg.rf.3f156d07e4759ca8d7c875d9ca6bb4e6.jpg,33.9,17.0
../data/raw/banana_set_large\20230213_080748_jpg.rf.e68741815956dd2406d97eddc8276f58.jpg,34.6,15.9
../data/raw/banana_set_large\20230213_080750_jpg.rf.9bf7c559978abb23e84be8e4efcdbe94.jpg,33.7,6.7
../data/raw/banana_set_large\20230213_080752_jpg.rf.16ae17b284fbb996edb788d102431b16.jpg,19.6,16.0
../data/raw/banana_set_large\20230213_080757_jpg.rf.69adf1af9a7f6ecdf0e83f74276959af.jpg,9.7,48.6
../data/raw/banana_set_large\20230213_080807_jpg.rf.e5890a848e23c84445db38675e8979d7.jpg,13.4,38.4
../data/raw/banana_set_large\20230213_080813_jpg.rf.d3a7419f8065568574b100aec5dc5f8f.jpg,8.7,6.6
../data/raw/banana_set_large\20230213_080814_jpg.rf.53b99a1823196a84bbc0eadeef528971.jpg,33.5,29.6
../data/raw/banana_set_large\20230213_080821_jpg.rf.3a7d6d306d056645d54ebc79d3d14b13.jpg,33.1,21.9
../data/raw/banana_set_large\20230213_080832_jpg.rf.0750ae4f4985abea3489bb65e7260a2d.jpg,28.7,12.5
../data/raw/banana_set_large\20230213_080836_jpg.rf.38275ae57a8aa13cc0ddf9985a1cc3c5.jpg,8.7,8.3
../data/raw/banana_set_large\20230213_080842_jpg.rf.13886be79275920e7d9dd2027b66dc0d.jpg,30.2,25.3
../data/raw/banana_set_large\20230213_080842_jpg.rf.aaa804898c293f7b94517b9ded019d38.jpg,21.9,5.9
../data/raw/banana_set_large\20230213_080849_jpg.rf.2f6da002431707ad944cb473e4374317.jpg,28.7,11.7
../data/raw/banana_set_large\20230213_080903_jpg.rf.853338d68d9d5c536c357d316990bb66.jpg,31.4,12.5
../data/raw/banana_set_large\20230213_080910_jpg.rf.17a9314e1515120bd0ab3ef99d524bd0.jpg,43.8,23.9
../data/raw/banana_set_large\20230213_080911_jpg.rf.d176694c04a02885eec8d37fe4a10839.jpg,39.6,37.3
../data/raw/banana_set_large\20230213_080916_jpg.rf.49254d4b15c3a3846e354e003f9f3981.jpg,36.3,30.2
../data/raw/banana_set_large\20230213_080921_jpg.rf.13514508db8c13e2d91b278f2f3f7a7f.jpg,58.0,39.4
../data/raw/banana_set_large\20230213_080928_jpg.rf.bc479b5c78b82356bf397ef678b89866.jpg,31.2,7.5
../data/raw/banana_set_large\20230213_080930_jpg.rf.c408da047943f95f4929541836d0cae5.jpg,38.9,31.8
../data/raw/banana_set_large\20230213_080934_jpg.rf.9f978d959e4174802a9d4985eaa37f10.jpg,39.9,12.4
../data/raw/banana_set_large\20230213_080939_jpg.rf.92977c9349dd6dd9cbe84b4e8eefabb5.jpg,34.6,8.5
../data/raw/banana_set_large\20230213_080948_jpg.rf.1e78fc2d0196c7b2b11e34cf22e550e1.jpg,28.6,18.8
../data/raw/banana_set_large\20230213_080948_jpg.rf.f8c603af163e978ef7b8377fb1ebd09d.jpg,35.6,28.0
../data/raw/banana_set_large\20230213_080955_jpg.rf.0605081c55d890fda17fcda94b64fdda.jpg,33.5,18.5
../data/raw/banana_set_large\20230213_080955_jpg.rf.6b9098774ae3a6f0957c5a64949bd07e.jpg,22.6,5.8
../data/raw/banana_set_large\20230213_080955_jpg.rf.7b9fb5b1de52ed32b1c17e23353f55c9.jpg,36.2,23.5
../data/raw/banana_set_large\20230213_081002_jpg.rf.b9266a239fe18ef97ac0c82c0fc2796e.jpg,26.2,34.8
../data/raw/banana_set_large\20230213_081003_jpg.rf.3fd23e27f9cc2101e5e8afdc4b6f2443.jpg,20.6,17.9
../data/raw/banana_set_large\20230213_081005_jpg.rf.dae329c550258d1303f3912432bbff65.jpg,53.7,15.7
../data/raw/banana_set_large\20230213_081007_jpg.rf.ca8706537aaa19c26e6045218a52cb4c.jpg,18.8,14.4
../data/raw/banana_set_large\20230213_081009_jpg.rf.2210d1f251fb606ae1f4537f0cb019b3.jpg,31.2,25.6
../data/raw/banana_set_large\20230213_081015_jpg.rf.48118b9b7c80c7e987c6fdeb8932b6a7.jpg,41.6,19.8
../data/raw/banana_set_large\20230213_081020_jpg.rf.17971c2f2c48fc31b27469aed343b110.jpg,12.4,21.2
../data/raw/banana_set_large\20230213_081020_jpg.rf.ef449bc1a28fb22bb917c3b505953985.jpg,30.5,20.7
../data/raw/banana_set_large\20230213_081026_jpg.rf.36032e9b51a5fa8fba3a9480d57e4c94.jpg,9.4,36.3
../data/raw/banana_set_large\20230213_081029_jpg.rf.e7753a4c8dbeb0207c1c93e3be9ff6f9.jpg,24.3,19.8
../data/raw/banana_set_large\20230213_081032_jpg.rf.23b057376f2cd43db64c6b007d002ce5.jpg,27.3,26.9
../data/raw/banana_set_large\20230213_081037_jpg.rf.8d51592a3d9e6ecc0b1461cb5fcda985.jpg,14.9,30.9
../data/raw/banana_set_large\20230213_081039_jpg.rf.2555f38c06a7569830d9a32488ae5168.jpg,16.1,17.4
../data/raw/banana_set_large\20230213_081045_jpg.rf.5e928b8a1f93b78d47b325576e2fb46f.jpg,30.7,33.4
../data/raw/banana_set_large\20230213_081046_jpg.rf.cd458c75473b6a0c6fb65b1624339e69.jpg,14.1,25.3
../data/raw/banana_set_large\20230213_081051_jpg.rf.29612cd76086f45bd37eb74819d9465a.jpg,5.3,26.2
../data/raw/banana_set_large\20230213_081102_jpg.rf.541821f0047d041812acb2d4828caa44.jpg,10.4,25.6
../data/raw/banana_set_large\20230213_081104_jpg.rf.542e92b6c7611f249ade2f304dab1766.jpg,14.7,18.2
../data/raw/banana_set_large\20230213_081110_jpg.rf.53e95d7d780339aa43448709faf8142f.jpg,39.7,31.4
../data/raw/banana_set_large\20230213_081111_jpg.rf.4549f0ab418b8d58089b002188334ba7.jpg,14.5,42.0
../data/raw/banana_set_large\20230213_081114_jpg.rf.38c968240ea21f8012a7523cb4878d2d.jpg,15.6,32.6
../data/raw/banana_set_large\20230213_081119_jpg.rf.02bea0c4aa343b9fb752c04bca638735.jpg,18.1,28.7
../data/raw/banana_set_large\20230213_081122_jpg.rf.c237473635502aceb59d09e5431fe99c.jpg,7.7,35.0
../data/raw/banana_set_large\20230213_081128_jpg.rf.2870089088d5a8a2e3ad8ef21763801e.jpg,22.5,26.4
../data/raw/banana_set_large\20230213_081133_jpg.rf.cb4f12cddebb8bf7ec88fc058917965a.jpg,25.9,36.9
../data/raw/banana_set_large\20230213_081134_jpg.rf.4a698ada36b6e1e98a4ec1556d0cac15.jpg,17.2,26.2
../data/raw/banana_set_large\20230213_081136_jpg.rf.b4bdaccc97e309586d1d7a8e6d7f0fd4.jpg,33.5,15.9
../data/raw/banana_set_large\20230213_081152_jpg.rf.53723486c3e5db8dba183e0ded71ed87.jpg,30.0,4.1
../data/raw/banana_set_large\20230213_081202_jpg.rf.47f22502b966b62da265fe41e9e37d3f.jpg,22.2,10.7
../data/raw/banana_set_large\20230213_081209_jpg.rf.074f0f60ef0e92ec022c722fd87a83b5.jpg,19.2,14.8
../data/raw/banana_set_large\20230213_081221_jpg.rf.7040be3ec15ed9bed50458dc2d820fd5.jpg,21.7,25.8
../data/raw/banana_set_large\20230213_081225_jpg.rf.1aabd3a6953691f278feeaf8a45e810c.jpg,13.9,20.6
../data/raw/banana_set_large\20230213_081228_jpg.rf.2525dab7c71d5958a1a20a28d90f9ef1.jpg,11.6,8.7
../data/raw/banana_set_large\20230213_081243_jpg.rf.34b6e47bfe44de006cbb0805ef00f4b3.jpg,19.3,24.1
../data/raw/banana_set_large\20230213_081243_jpg.rf.a7e0f09f1b7f0527098447b0e9ea5fe3.jpg,35.4,22.2
../data/raw/banana_set_large\20230213_081250_jpg.rf.c6364c72e26ec6245ee9a2f1fb2399b7.jpg,16.1,25.8
../data/raw/banana_set_large\20230213_081255_jpg.rf.9db0bba6275bdab2087065a64a0d1de9.jpg,20.1,24.8
../data/raw/banana_set_large\20230213_081412_jpg.rf.81364053cb6c2cc16fcf606f13f0240b.jpg,18.3,7.7
../data/raw/banana_set_large\20230213_081425_jpg.rf.838cf14e817336ebef7e5c2f0165aedc.jpg,24.7,39.0
../data/raw/banana_set_large\20230213_081438_jpg.rf.fb944692529edfbfb1fd136b5169e3da.jpg,14.4,13.4
../data/raw/banana_set_large\20230213_081439_jpg.rf.866e1ae076ad8a0cf2feb17f6172a295.jpg,28.0,28.4
../data/raw/banana_set_large\20230213_081443_jpg.rf.79fbc30ce5db2391d876e4b50e4a05ce.jpg,16.2,10.4
../data/raw/banana_set_large\20230213_081445_jpg.rf.34117aca79e19b25ae695693bd2e33fb.jpg,25.7,31.8
../data/raw/banana_set_large\20230213_081454_jpg.rf.4fa7956fb8c295b8cfe953e97355f13e.jpg,28.3,27.6
../data/raw/banana_set_large\20230213_081456_jpg.rf.6953fd070fd9f4e4905851352c86984c.jpg,16.4,19.3
../data/raw/banana_set_large\20230213_081500_jpg.rf.5beca91a38937ead4dadd7aa69ae30ff.jpg,30.9,33.8
../data/raw/banana_set_large\20230213_081511_jpg.rf.a8a4aeb0f5d244d1eb3c09c168a85c70.jpg,30.3,30.5
../data/raw/banana_set_large\20230213_081520_jpg.rf.b4ced9456cac54525b1b1ca2006f5b72.jpg,27.3,29.9
../data/raw/banana_set_large\20230213_081520_jpg.rf.cbc115c124e08544ecea816f51f280d4.jpg,17.5,20.1
../data/raw/banana_set_large\20230213_081524_jpg.rf.75a657d12dfc2a1819e2116754cd1ffc.jpg,20.3,23.8
../data/raw/banana_set_large\20230213_081529_jpg.rf.297460b7f2d8a581d619c817f9758489.jpg,15.3,30.3
../data/raw/banana_set_large\20230213_081535_jpg.rf.6d97b00c2974c592a3549cc378240b1d.jpg,14.0,22.6
../data/raw/banana_set_large\20230213_081541_jpg.rf.e4d6170826efe35de01b8866dbc50596.jpg,29.4,37.6
../data/raw/banana_set_large\20230213_081545_jpg.rf.e8d59b1c54c48bdd49a364d59f6a0513.jpg,26.2,29.7
../data/raw/banana_set_large\20230213_081602_jpg.rf.073072deeed74fee80cd24c04170b391.jpg,34.5,11.4
../data/raw/banana_set_large\20230213_081605_jpg.rf.b49de6a3c2420354378069582a4ec7e4.jpg,11.5,5.9
../data/raw/banana_set_large\20230213_081609_jpg.rf.54568c544f620815cbdbb4237eb1d6c4.jpg,8.0,7.3
../data/raw/banana_set_large\20230213_081614_jpg.rf.5009402a6ddc9cc914c167ceaa020715.jpg,18.4,6.4
../data/raw/banana_set_large\20230213_081620_jpg.rf.bbb8cad915ba41ec5c762aaa240951b9.jpg,19.2,5.3
../data/raw/banana_set_large\20230213_081625_jpg.rf.2dfd700fcad16e5268f56976e93b1ffc.jpg,12.8,7.3
../data/raw/banana_set_large\20230213_081630_jpg.rf.c0c0c1a3209eee58bc192975e3df04bd.jpg,8.6,7.2
../data/raw/banana_set_large\20230213_081632_jpg.rf.5dbb3419350fce756e6bff190e013c12.jpg,32.5,6.3
../data/raw/banana_set_large\20230213_081637_jpg.rf.b1195716e2506d05d68b3a978fe7bd26.jpg,11.9,6.0
../data/raw/banana_set_large\20230213_081641_jpg.rf.e36510b3ba913d2f67fd6a7af8a3f690.jpg,5.2,5.6
../data/raw/banana_set_large\20230213_081642_jpg.rf.3d1553bf753e61360d233142cc6feca5.jpg,34.7,10.2
../data/raw/banana_set_large\20230213_081653_jpg.rf.d4c5b4f89ab9c4b54b835d4d8f3dc4f5.jpg,27.2,4.8
../data/raw/banana_set_large\20230213_081656_jpg.rf.0893aa6e6a4ad84a63eb274357c25468.jpg,15.1,8.5
../data/raw/banana_set_large\20230213_081702_jpg.rf.6469d83dcd5e637f7ab86d0f6cc4e98a.jpg,32.0,32.4
../data/raw/banana_set_large\20230213_081702_jpg.rf.b8eec5ab7bd9fbb925e509952d1e6188.jpg,34.3,4.0
../data/raw/banana_set_large\20230213_081712_jpg.rf.df44c313324f7322960085b02b020e12.jpg,44.5,44.4
../data/raw/banana_set_large\20230213_081718_jpg.rf.103652e561c962279e72f36db28d8058.jpg,25.6,20.4
../data/raw/banana_set_large\20230213_081720_jpg.rf.bef814468c639f46207c47cf379d2cb6.jpg,21.1,7.7
../data/raw/banana_set_large\20230213_081726_jpg.rf.87a145eb08e1cf30adf71ff5137901fd.jpg,22.9,7.8
../data/raw/banana_set_large\20230213_082057_jpg.rf.e9ef714fe262fa28fd302cf5ab8775da.jpg,42.6,24.7
../data/raw/banana_set_large\20230213_082106_jpg.rf.af93259d67d20e92dfe8b2abd7c787a9.jpg,41.8,14.6
../data/raw/banana_set_large\20230213_082112_jpg.rf.df27f2141dd7b4ce0c8f45dcf6532781.jpg,21.7,18.9
../data/raw/banana_set_large\20230213_082117_jpg.rf.40c6fc0124ac9633154a2062db280af4.jpg,39.3,10.4
../data/raw/banana_set_large\20230213_082117_jpg.rf.bcf64960824a4482fa670e1f7db9fe9f.jpg,23.2,16.1
../data/raw/banana_set_large\20230213_082124_jpg.rf.02631122e424e251f77bdb3f8e71bbe9.jpg,26.7,20.7
../data/raw/banana_set_large\20230213_082128_jpg.rf.7d2c540c972b97274025cb422c4b4704.jpg,32.3,10.8
../data/raw/banana_set_large\20230213_082129_jpg.rf.86dfe8aa8e6e4e2ad661aca3de85e3e8.jpg,25.6,17.7
../data/raw/banana_set_large\20230213_082134_jpg.rf.f6867a915cf1fa2f152c20b2302c3697.jpg,27.8,18.5
../data/raw/banana_set_large\20230213_082136_jpg.rf.6b0bebd443b000685552b922477583fa.jpg,59.2,25.2
../data/raw/banana_set_large\20230213_082146_jpg.rf.d2a7256ec59364aefc2c7775ba155aea.jpg,25.7,15.3
../data/raw/banana_set_large\20230213_082148_jpg.rf.3cc6435fd3923640351b09407984b0ea.jpg,45.8,21.8
../data/raw/banana_set_large\20230213_082151_jpg.rf.1c2292a424ae6379acd6b708d0d158d7.jpg,20.7,9.6
../data/raw/banana_set_large\20230213_082155_jpg.rf.512dff03d21fe182cef7718358e796ba.jpg,21.2,16.2
../data/raw/banana_set_large\20230213_082159_jpg.rf.58e17fd970788d85bd1c63595e417480.jpg,31.2,19.1
../data/raw/banana_set_large\20230213_082201_jpg.rf.36db33877c0e4cf07c4201520569650d.jpg,16.3,18.6
../data/raw/banana_set_large\20230213_082203_jpg.rf.1966bb28e924c662d86d48c20c140361.jpg,22.1,15.5
../data/raw/banana_set_large\20230213_082207_jpg.rf.7f7d4ceb57fd3f2a959f2420b88acab2.jpg,15.0,20.2
../data/raw/banana_set_large\20230213_082208_jpg.rf.a765a9825b1aa63c28fd74eb2fa76db6.jpg,39.4,20.7
../data/raw/banana_set_large\20230213_082208_jpg.rf.d06ed83cb3cb34a6d15312b573623bdf.jpg,22.0,12.1
../data/raw/banana_set_large\20230213_082211_jpg.rf.8c938f8f82a26a6cff144afe9ce3ed82.jpg,14.3,17.8
../data/raw/banana_set_large\20230213_082213_jpg.rf.07445beb32f95d9604cc07eced9bee06.jpg,29.2,15.9
../data/raw/banana_set_large\20230213_082216_jpg.rf.7e10e5ce6ce75a9d144539deb9980ab0.jpg,17.4,16.6
../data/raw/banana_set_large\20230213_082218_jpg.rf.19a8cc6809aa7deea62cedc9ab3bb4c6.jpg,21.1,14.3
../data/raw/banana_set_large\20230213_082220_jpg.rf.4243a3f9b071762275c7272ae3d4a37f.jpg,29.6,8.0
../data/raw/banana_set_large\20230213_082220_jpg.rf.d078b9cb7fe6942b973cf540d75c25bb.jpg,16.9,22.8
../data/raw/banana_set_large\20230213_082223_jpg.rf.605b309f1aa6d5610d67eb77bc01ca57.jpg,13.4,17.6
../data/raw/banana_set_large\20230213_082227_jpg.rf.c9673c14740f5eb2b10aad560124d465.jpg,15.0,23.3
../data/raw/banana_set_large\20230213_082230_jpg.rf.9cbddcc983ed181485b41d73ca40b1ce.jpg,18.2,25.2
../data/raw/banana_set_large\20230213_082231_jpg.rf.18a13dcab0a8cc938c802879e82748aa.jpg,13.7,20.7
../data/raw/banana_set_large\20230213_082234_jpg.rf.8a0cacc93f956de49319af832a3689d3.jpg,30.9,12.9
../data/raw/banana_set_large\20230213_082237_jpg.rf.4e6edf1a6f2380acbf871f8e3fe7616b.jpg,25.1,17.7
../data/raw/banana_set_large\20230213_082245_jpg.rf.a98483df6e25fc6431b5314a58548df8.jpg,22.1,19.8
../data/raw/banana_set_large\20230213_082247_jpg.rf.6d9fd4413b137302f7c2601193790823.jpg,22.6,23.1
../data/raw/banana_set_large\20230213_082250_jpg.rf.89e8885f69d2dbd873158ede804e2e2f.jpg,15.9,9.3
../data/raw/banana_set_large\20230213_082250_jpg.rf.c737b1095d0d6ad081eb2ac05d454769.jpg,33.0,20.6
../data/raw/banana_set_large\20230213_082251_jpg.rf.503ae1392d3007d26adff47f37b68b5e.jpg,23.9,17.9
../data/raw/banana_set_large\20230213_082258_jpg.rf.2a91529cdfde18e8fea961856d3e096f.jpg,6.9,20.8
../data/raw/banana_set_large\20230213_082259_jpg.rf.f159b94eb45f8d7f44d26965f9d5ef1a.jpg,22.1,21.6
../data/raw/banana_set_large\20230213_082301_jpg.rf.617375163ae7cad4397283c03c183e23.jpg,28.1,11.1
../data/raw/banana_set_large\20230213_082304_jpg.rf.a947fec6ff9ea0645d6b505e058c9f6d.jpg,22.4,10.8
../data/raw/banana_set_large\20230213_082310_jpg.rf.0a011ada65c4dc9c22b90ccb15a5df74.jpg,23.7,9.6
../data/raw/banana_set_large\20230213_082310_jpg.rf.4c5c39ed06b3f55538e4da674b1138bd.jpg,13.4,12.6
../data/raw/banana_set_large\20230213_082317_jpg.rf.02151ed0afac90199a1967fba993be77.jpg,24.0,7.0
../data/raw/banana_set_large\20230213_082321_jpg.rf.8bd8eeef1158a7ce11757b9431c25321.jpg,20.2,18.7
../data/raw/banana_set_large\20230213_082325_jpg.rf.63779d5eb5f42cff0289b2150f8b3863.jpg,15.4,15.8
../data/raw/banana_set_large\20230213_082329_jpg.rf.bc54918f6f607a6075ac84466d336867.jpg,19.6,16.2
../data/raw/banana_set_large\20230213_082333_jpg.rf.ccf769fd3440a20772a95daba3e9258a.jpg,27.3,16.7
../data/raw/banana_set_large\20230213_082334_jpg.rf.e4367dd342e3dc644dad09a2cdbad524.jpg,17.0,19.1
../data/raw/banana_set_large\20230213_082337_jpg.rf.8924017701f5e9ebefa8e56c3daded41.jpg,12.9,15.4
../data/raw/banana_set_large\20230213_082341_jpg.rf.2bac06ee3cd9bb3cf8dfda77c6e481ec.jpg,22.9,16.2
../data/raw/banana_set_large\20230213_082345_jpg.rf.f29c7bbc44d71b7cc6b21582e6d5c0b9.jpg,17.8,12.2
../data/raw/banana_set_large\20230213_082351_jpg.rf.ba288f69da3f384b94429d5b65c56925.jpg,20.0,16.9
../data/raw/banana_set_large\20230213_082358_jpg.rf.4fadbe696d30796ad5f5cc759e563f72.jpg,25.0,6.6
../data/raw/banana_set_large\20230213_082359_jpg.rf.6d77f0534c002b051af9647af1196200.jpg,15.2,25.5
../data/raw/banana_set_large\20230213_082403_jpg.rf.c56fb448d98dea3ea94660c6fa007388.jpg,21.8,33.0
../data/raw/banana_set_large\20230213_082406_jpg.rf.a4598c096e0752d51d434155916efbd0.jpg,28.9,5.4
../data/raw/banana_set_large\20230213_082417_jpg.rf.de4f6c4884c3881b5d755552084b6fdb.jpg,23.8,4.3
../data/raw/banana_set_large\20230213_082419_jpg.rf.599b24bf4e5c4dca0f465d022a504c63.jpg,11.5,26.5
../data/raw/banana_set_large\20230213_082423_jpg.rf.5288a8697d6608b4db100513bc025d1e.jpg,23.4,2.0
../data/raw/banana_set_large\20230213_082423_jpg.rf.bd35051e5d473dbaf0d839de586739b9.jpg,14.7,23.8
../data/raw/banana_set_large\20230213_082426_jpg.rf.fa798cabbc92d7956a21dc06d5dcb265.jpg,2.1,10.0
../data/raw/banana_set_large\20230213_082428_jpg.rf.5783df05086111cc7f653e1e0abb9690.jpg,11.0,25.1
../data/raw/banana_set_large\20230213_082430_jpg.rf.0b2d303dfdec8f4516fba42822b7bf61.jpg,21.0,33.1
../data/raw/banana_set_large\20230213_082435_jpg.rf.243670efe3aa53401b5ff557de75e559.jpg,15.6,25.0
../data/raw/banana_set_large\20230213_083257_jpg.rf.03665026ec57105d83354cc3e9bad9a6.jpg,1.5,80.2
../data/raw/banana_set_large\20230213_083316_jpg.rf.e6c5e79b1179021c80c567fc0f3c1792.jpg,14.2,86.9
../data/raw/banana_set_large\20230213_083323_jpg.rf.5a09dbcb582f696145f60014c416dc3c.jpg,17.4,68.0
../data/raw/banana_set_large\20230213_083343_jpg.rf.c9a04393f5a069d06d79cbf37bde53b4.jpg,10.9,75.6
../data/raw/banana_set_large\20230213_083347_jpg.rf.f7bbec8c9b85a35b8c8dfe52d6905b03.jpg,13.5,76.0
../data/raw/banana_set_large\20230213_083352_jpg.rf.9126d7d7aa6a2736983e0500b05e11b3.jpg,5.8,92.2
../data/raw/banana_set_large\20230213_083401_jpg.rf.8fbcf5b46ac53a64baa468eef25bd3ed.jpg,13.9,61.9
../data/raw/banana_set_large\20230213_083401_jpg.rf.ea7869de8241cc014e808e4b0e03a6ea.jpg,11.5,94.5
../data/raw/banana_set_large\20230213_083405_jpg.rf.ed21bf3cbde2a1f2f93d0ce0850df9b4.jpg,42.8,83.9
../data/raw/banana_set_large\20230213_083410_jpg.rf.64d46dadf05161d90e62130e862c21c5.jpg,36.8,79.7
../data/raw/banana_set_large\20230213_083413_jpg.rf.3bbe3918f2ab403290189a4432e26a6a.jpg,17.5,83.6
../data/raw/banana_set_large\20230213_083415_jpg.rf.535c0b5e25a61be1619e31d97341207d.jpg,27.9,71.6
../data/raw/banana_set_large\20230213_083419_jpg.rf.15b898fac28bd5737d53416df5d48fa4.jpg,18.2,68.3
../data/raw/banana_set_large\20230213_083424_jpg.rf.228586a177d5a2cf507401e33a76cd11.jpg,27.8,77.9
../data/raw/banana_set_large\20230213_083435_jpg.rf.3aefbcb60eae5edcb2e10bd0647ca219.jpg,26.6,74.9
../data/raw/banana_set_large\20230213_083635_jpg.rf.262435de41cbb723b7d55fba8ca4744b.jpg,31.1,59.7
../data/raw/banana_set_large\20230213_083640_jpg.rf.147233b66f632a711e82ba316c034a82.jpg,57.7,74.5
../data/raw/banana_set_large\20230213_083659_jpg.rf.8434a3506f2c5fffb4b67eed3037a734.jpg,10.1,19.7
../data/raw/banana_set_large\20230213_083704_jpg.rf.7bef2ec3d4b3faeb09910e4510665665.jpg,17.1,11.4
../data/raw/banana_set_large\20230213_083707_jpg.rf.944a6ced639c5b304a129a223638efed.jpg,19.2,22.3
../data/raw/banana_set_large\20230213_083711_jpg.rf.337afceb5c942cefa87a2946454d3ecc.jpg,15.8,12.2
../data/raw/banana_set_large\20230213_083712_jpg.rf.783f3b99592c06255ca57e2a2fb9dfac.jpg,11.5,38.2
../data/raw/banana_set_large\20230213_083715_jpg.rf.17b5191ce6a4a822cc9d862726771c1c.jpg,12.6,10.2
../data/raw/banana_set_large\20230213_083718_jpg.rf.1c71fd96244a0b997ba7689cffaa191c.jpg,8.4,15.8
../data/raw/banana_set_large\20230213_083722_jpg.rf.9bc1493a74738817da69a4460153c1f9.jpg,10.8,8.5
../data/raw/banana_set_large\20230213_083726_jpg.rf.ab4b4c68b4bb1581f926259455ea6755.jpg,14.0,8.1
../data/raw/banana_set_large\20230213_083732_jpg.rf.5a08b54508c8a147285b6e2b37d27f0e.jpg,12.2,8.1
../data/raw/banana_set_large\20230213_083742_jpg.rf.02bed60be4eef1dff15dbbbb5a1b6161.jpg,8.9,76.9
../data/raw/banana_set_large\20230213_083749_jpg.rf.6ecab18d6ee163e1d3872da9bacbc647.jpg,10.9,80.2
../data/raw/banana_set_large\20230213_083757_jpg.rf.fc281da9c852ec554ec7ee16dd458950.jpg,9.0,49.2
../data/raw/banana_set_large\20230213_083848_jpg.rf.86ebfbb4508025c5b2c60f4503f80d5f.jpg,8.2,55.7
../data/raw/banana_set_large\20230213_083859_jpg.rf.4ba3354e997f8ee2a464ee28da0c0d94.jpg,16.1,71.7
../data/raw/banana_set_large\20230213_083906_jpg.rf.6209bd3182ef2270f0026482be133380.jpg,10.4,55.1
../data/raw/banana_set_large\20230213_083911_jpg.rf.58b1a215d40a2cff738f50421ac45626.jpg,13.1,68.6
../data/raw/banana_set_large\20230213_083918_jpg.rf.795d71acb0bdfaeb16d16e03ca843f92.jpg,13.4,63.7
../data/raw/banana_set_large\20230213_083923_jpg.rf.65cc6a930c8e4f42ceab691fd1f80e6e.jpg,15.0,75.0
../data/raw/banana_set_large\20230213_083936_jpg.rf.1a6c12346c5b941fb9de827934946d6b.jpg,12.2,72.7
../data/raw/banana_set_large\20230213_084114_jpg.rf.6c84facdacdb2839c0147fd44c7d1cb4.jpg,5.5,48.7
../data/raw/banana_set_large\20230213_084118_jpg.rf.ce35e254f4380eb5649ce36f74c52a20.jpg,15.1,44.2
../data/raw/banana_set_large\20230213_084126_jpg.rf.1760f54b6714a21d53db2c221d8ea23b.jpg,5.3,47.3
../data/raw/banana_set_large\20230213_084128_jpg.rf.7c6a6841edc758cb2197544144c73dfa.jpg,10.6,37.3
../data/raw/banana_set_large\20230213_084134_jpg.rf.c59c3c22f7f6ae902de403cc2664602c.jpg,9.0,65.8
../data/raw/banana_set_large\20230213_084220_jpg.rf.b321bb8518e444aff8bdff931766fb7a.jpg,20.0,72.3
../data/raw/banana_set_large\20230213_084221_jpg.rf.d812999368e3b064ad666d5e3ed77652.jpg,5.2,14.5
../data/raw/banana_set_large\20230213_084230_jpg.rf.011c435ff2f017295d0e5ab784ca99d2.jpg,6.3,18.4
../data/raw/banana_set_large\20230213_084238_jpg.rf.26614f1dce6c1488b3c1bb35189602df.jpg,3.1,24.1
../data/raw/banana_set_large\20230213_084238_jpg.rf.3923ecef16e240c863f5b856618e75c4.jpg,5.3,16.8
../data/raw/banana_set_large\20230213_084244_jpg.rf.133dad4f7d988509e3800153bd009df1.jpg,9.7,28.7
../data/raw/banana_set_large\20230213_084247_jpg.rf.c2b7c5489abbf181b8df56843b6c4de5.jpg,7.4,14.7
../data/raw/banana_set_large\20230213_084251_jpg.rf.c68755afcb256508f10796848aa0e832.jpg,31.1,5.7
../data/raw/banana_set_large\20230213_084256_jpg.rf.947c3b74b0a1c60dda36565a9564a4c0.jpg,6.1,15.0
../data/raw/banana_set_large\20230213_084257_jpg.rf.dea67170da9774624f3f2c2993222cb5.jpg,5.4,17.7
../data/raw/banana_set_large\20230213_084302_jpg.rf.3e4aff1fcf7bf9c37773e231145647b7.jpg,6.2,32.7
../data/raw/banana_set_large\20230213_084305_jpg.rf.6bf1791396a406e0d27e077277dd39af.jpg,32.5,7.4
../data/raw/banana_set_large\20230213_084308_jpg.rf.f47998c6e496cde39eceae2048102462.jpg,5.9,32.2
../data/raw/banana_set_large\20230213_084312_jpg.rf.281ca1d6ae5bf5f7dc7acf744a521b3e.jpg,14.5,8.4
../data/raw/banana_set_large\20230213_084317_jpg.rf.20fefd3a38fad65fb3d1f7ee59717d63.jpg,13.0,22.9
../data/raw/banana_set_large\20230213_084326_jpg.rf.73cb1c417d120ce859157d3d079d7944.jpg,29.6,11.4
../data/raw/banana_set_large\20230213_084330_jpg.rf.cb5508361252b73f1ad1719a8a380de4.jpg,6.5,16.8
../data/raw/banana_set_large\20230213_084335_jpg.rf.c18e59c44fe2a292084f0a21323d4ad3.jpg,6.1,24.2
../data/raw/banana_set_large\20230213_084336_jpg.rf.665ba7b8a2fd268254f046cbfbb383d9.jpg,7.7,22.7
../data/raw/banana_set_large\20230213_084336_jpg.rf.cbacd1131906b4246e7855337e9263d5.jpg,38.1,13.3
../data/raw/banana_set_large\20230213_084342_jpg.rf.6c9da3197a47e43a58dcef9db50a2a74.jpg,12.5,24.2
../data/raw/banana_set_large\20230213_084344_jpg.rf.90f25ef057a7b017d5660840579bd907.jpg,6.2,18.7
../data/raw/banana_set_large\20230213_084345_jpg.rf.a5d6812abd92cc9c8a48d832b59a409d.jpg,26.7,10.3
../data/raw/banana_set_large\20230213_084352_jpg.rf.619afdb5406e495a356150b3eb083a56.jpg,6.7,18.2
../data/raw/banana_set_large\20230213_084356_jpg.rf.ef261d3edba137ad5db75f4e5371e789.jpg,20.8,9.5
../data/raw/banana_set_large\20230213_084359_jpg.rf.07f7ff1a397725561a39c450690d0b96.jpg,10.6,37.7
../data/raw/banana_set_large\20230213_084404_jpg.rf.bd0b4ddddb71382fe9d7f8a2828dc5ce.jpg,20.8,14.6
../data/raw/banana_set_large\20230213_084406_jpg.rf.dd0c8dee4f9f46a5533e44a71ec29bdc.jpg,6.8,14.8
../data/raw/banana_set_large\20230213_084408_jpg.rf.34629e90645f7d3fdf5cdd1e45373744.jpg,17.1,28.5
../data/raw/banana_set_large\20230213_084440_jpg.rf.c81152d598142fb4b67246430fc14668.jpg,5.2,29.3
../data/raw/banana_set_large\20230213_084445_jpg.rf.913c97bd1462aa37a0380c2f579f0097.jpg,7.7,28.4
../data/raw/banana_set_large\20230213_084452_jpg.rf.385e8f572f46633809f67770ccd04c72.jpg,9.0,27.5
../data/raw/banana_set_large\20230213_084654_jpg.rf.4751102a6815314487420154508ad0af.jpg,6.7,11.4
../data/raw/banana_set_large\20230213_084704_jpg.rf.e42e6f886b69dab31f5c77f77ec3c0ba.jpg,11.4,30.5
../data/raw/banana_set_large\20230213_084710_jpg.rf.b782a103b98d14dd1df831411d9c931c.jpg,14.0,19.5
../data/raw/banana_set_large\20230213_084814_jpg.rf.48e6f250664ce884e4d228e0e6106ef4.jpg,8.5,12.7
../data/raw/banana_set_large\20230213_084820_jpg.rf.567ff366b293c4266f038b26928a88c7.jpg,14.1,14.3
../data/raw/banana_set_large\20230213_084837_jpg.rf.a15b7881a493ef0df28c5aae896f1b9a.jpg,5.4,25.9
../data/raw/banana_set_large\20230213_084849_jpg.rf.d6a8116e374528b901b04cb86b3cd38f.jpg,10.0,27.2
../data/raw/banana_set_large\20230213_084856_jpg.rf.03f5b96a18483342238710f02e926f3d.jpg,12.7,9.2
../data/raw/banana_set_large\20230213_084906_jpg.rf.8b54e55f049d2e15179c293916dca0b9.jpg,9.0,24.4
../data/raw/banana_set_large\20230213_084922_jpg.rf.2f04d1247705bd5f941fb004d99d2268.jpg,12.5,8.5
../data/raw/banana_set_large\20230213_084936_jpg.rf.dc9bb7b9a00dbf865606e382f023546d.jpg,8.5,12.2
../data/raw/banana_set_large\20230213_084943_jpg.rf.102773c5fe0ca6fbd20654f89ed4bfa8.jpg,10.0,24.6
../data/raw/banana_set_large\20230213_085021_jpg.rf.0d9f485876aa9ba9854b43ae50ff1deb.jpg,13.9,25.2
../data/raw/banana_set_large\20230213_085021_jpg.rf.282668716f872312c5ba44bfb13c8522.jpg,3.1,26.0
../data/raw/banana_set_large\20230213_085028_jpg.rf.360c75e613d78cb6fb9e4acfa5fd13f7.jpg,15.3,34.6
../data/raw/banana_set_large\20230213_085029_jpg.rf.ef6096d3cf888267cd6bccfd0d66a773.jpg,5.9,28.0
../data/raw/banana_set_large\20230213_085034_jpg.rf.5f03ac3e4433afeeba515b4efdc14a5e.jpg,19.3,41.6
../data/raw/banana_set_large\20230213_085045_jpg.rf.c3458d6ebf8c65a84b11e6584c0aebb8.jpg,19.4,48.5
../data/raw/banana_set_large\20230213_085102_jpg.rf.ead89cab56b9e4a9c0596763c1cc4b94.jpg,25.8,36.7
../data/raw/banana_set_large\20230213_085109_jpg.rf.f5f720a7bb8ffea67c52784f1ef719fc.jpg,25.5,38.2
../data/raw/banana_set_large\20230213_085116_jpg.rf.d02b3acc37e824932aad7271e96902f1.jpg,18.9,35.8
../data/raw/banana_set_large\20230213_085123_jpg.rf.0f536cf1cc256ea8b3dc03d6552b34ab.jpg,19.2,35.5
../data/raw/banana_set_large\20230213_085130_jpg.rf.84a128f5ad83710cdffc0d07ab092279.jpg,18.4,20.9
../data/raw/banana_set_large\20230213_085150_jpg.rf.de02f02e2fffe15aa4964146e753cf86.jpg,18.2,39.6
../data/raw/banana_set_large\20230213_085157_jpg.rf.ffafc7ea28ccdb877d5af83d8ae99d95.jpg,27.5,31.0
../data/raw/banana_set_large\20230213_085204_jpg.rf.4d6701b31f0d5cca8086fa4726f06eac.jpg,18.1,11.1
../data/raw/banana_set_large\20230213_085211_jpg.rf.fc2938f70ad5e0c8bee7e62477666c55.jpg,35.1,69.2
../data/raw/banana_set_large\20230217_082432_jpg.rf.d45fad6b053464cc53ccad0ad383186f.jpg,34.5,34.6
../data/raw/banana_set_large\20230217_082443_jpg.rf.cda337caad6e56bc8c63a7d5c7bd7afe.jpg,11.4,18.5
../data/raw/banana_set_large\20230217_082450_jpg.rf.3fefca46aa1144bb51658cc53a3a3d76.jpg,17.8,14.3
../data/raw/banana_set_large\20230217_082458_jpg.rf.cdec0a01ca839c625ea456981490b84b.jpg,8.3,17.7
../data/raw/banana_set_large\20230217_082606_jpg.rf.cca38f3afce3cd6f1e0eeab98f335987.jpg,16.1,9.9
../data/raw/banana_set_large\20230217_082615_jpg.rf.65ccfddb5690898fc89cce09327809ef.jpg,15.1,21.4
../data/raw/banana_set_large\20230217_082637_jpg.rf.959e0cf656875b886eb2a66466c618fe.jpg,8.7,8.4
../data/raw/banana_set_large\20230217_082647_jpg.rf.23feb82f25718c7e919302d68feb6575.jpg,22.6,25.0
../data/raw/banana_set_large\20230217_082704_jpg.rf.e0176e501937bd717995b6051c932405.jpg,10.8,6.5
../data/raw/banana_set_large\20230217_082759_jpg.rf.d3187c80766a99a7f67854b1cac083b7.jpg,13.3,12.4
../data/raw/banana_set_large\20230217_082804_jpg.rf.7df439e6f3904a361e9f5536873fa4a4.jpg,16.2,11.6
../data/raw/banana_set_large\20230217_082807_jpg.rf.705a8d6830cc86a3a00e7fa74b63082e.jpg,21.0,9.3
../data/raw/banana_set_large\20230217_082812_jpg.rf.9680bafaf3573b7e9b867fa2683f3e30.jpg,19.6,27.9
../data/raw/banana_set_large\20230217_082816_jpg.rf.ff5a0f29575e170fc27c06629907579d.jpg,25.5,31.1
../data/raw/banana_set_large\20230217_082849_jpg.rf.4b178fdf782a78b8c636ae9196784ac2.jpg,15.1,13.0
../data/raw/banana_set_large\20230217_082855_jpg.rf.0d552c7278e41d527f1adacddd925272.jpg,17.3,22.0
../data/raw/banana_set_large\20230217_082900_jpg.rf.230698c94ffaeeb91b985fa19e7e6c47.jpg,18.1,24.3
../data/raw/banana_set_large\20230217_082904_jpg.rf.1513b1bf3cd0c69467a24c33d9ea25ad.jpg,20.2,24.1
../data/raw/banana_set_large\20230217_082914_jpg.rf.dd8606404d08aafcfb9707080a4ac422.jpg,12.9,14.1
../data/raw/banana_set_large\20230217_082922_jpg.rf.d61c0cf40363b4e6ba8dd98263a98b90.jpg,16.6,13.6
../data/raw/banana_set_large\20230217_082930_jpg.rf.1929d45339eed2b9d8f9c52889b59b0c.jpg,10.8,19.0
../data/raw/banana_set_large\20230217_082947_jpg.rf.991924dbed850e26cdf76238a126060d.jpg,17.9,30.8
../data/raw/banana_set_large\20230217_083001_jpg.rf.b9b1375cbcfcd48020314636f2d37e43.jpg,15.1,17.8
../data/raw/banana_set_large\20230217_083110_jpg.rf.18fea8c4bf04603999ce6ad5bf4aae3b.jpg,26.3,28.2
../data/raw/banana_set_large\20230217_083116_jpg.rf.8cffae05602fc6a81daa5a7e813e8384.jpg,10.4,32.5
../data/raw/banana_set_large\20230217_083121_jpg.rf.c5604f5bcfd9c35211720f25b22b8ac2.jpg,17.3,23.6
../data/raw/banana_set_large\20230217_083127_jpg.rf.c70e75cd40753d65987cf46d4e5e658c.jpg,16.7,21.7
../data/raw/banana_set_large\20230217_083131_jpg.rf.20dc6b78821588031d7f612a0da43b29.jpg,21.3,21.8
../data/raw/banana_set_large\20230217_083135_jpg.rf.32684d9dde28a7f4537d6cde8dd36636.jpg,17.5,23.8
../data/raw/banana_set_large\20230217_083139_jpg.rf.0f15776eae1a6a79edd65c9c685fd96d.jpg,14.7,29.9
../data/raw/banana_set_large\20230217_083159_jpg.rf.143dbf946c198ba40fe3ad12be6075d1.jpg,16.3,23.4
../data/raw/banana_set_large\20230217_083204_jpg.rf.c09f18f0865f7276b5c7ef0f6fb8a1fa.jpg,17.3,19.6
../data/raw/banana_set_large\20230217_083217_jpg.rf.219f56ffe4bbf04b02342e74f02c2b1f.jpg,18.5,22.1
../data/raw/banana_set_large\20230217_083220_jpg.rf.eef97a341083225d73e3fa6d3f3cd9e0.jpg,18.7,20.0
../data/raw/banana_set_large\20230217_083226_jpg.rf.2501d9b3fb1670bc7c8c96d1e99beb9d.jpg,6.4,23.3
../data/raw/banana_set_large\20230217_083231_jpg.rf.cd727d44ac811100c8fab0cd2c1455b7.jpg,13.7,15.8
../data/raw/banana_set_large\20230217_083241_jpg.rf.31a92936942264e60d671988fd40eb25.jpg,19.5,28.3
../data/raw/banana_set_large\20230217_083307_jpg.rf.3bb16736bfebb5561769b9edf3f8156e.jpg,16.4,8.7
../data/raw/banana_set_large\20230217_083312_jpg.rf.c4403dbd4fc4ae428a322d79d46708c7.jpg,14.9,17.5
../data/raw/banana_set_large\20230217_083346_jpg.rf.598c513118c4657a2c3ffd23aa192a7e.jpg,3.6,13.2
../data/raw/banana_set_large\20230217_083446_jpg.rf.bd151a3ca230eaae04a21ae8070ffe1d.jpg,0.4,29.2
../data/raw/banana_set_large\20230217_083451_jpg.rf.65529bf6967ae2e483878e221a5fd319.jpg,8.4,4.7
../data/raw/banana_set_large\20230217_083455_jpg.rf.9d94dd9cbfeee6d8f9dd3e0a00bf2b93.jpg,24.1,19.2
../data/raw/banana_set_large\20230217_083459_jpg.rf.878e27c392e978b321ae9f690d2b8321.jpg,19.2,9.8
../data/raw/banana_set_large\20230217_083503_jpg.rf.686152308412c0259d90f23e130c00d9.jpg,15.6,10.8
../data/raw/banana_set_large\20230217_083506_jpg.rf.dd58fabc6abd6c19e38aff4f04c6be28.jpg,15.5,11.2
../data/raw/banana_set_large\20230217_083510_jpg.rf.01c12d8b3371cbd807fa3503926383b0.jpg,4.7,9.9
../data/raw/banana_set_large\20230217_083513_jpg.rf.48118a65ef034000566d45518d04a93b.jpg,19.5,9.1
../data/raw/banana_set_large\20230217_083527_jpg.rf.9f620997a6e720847038ae1ee037585c.jpg,17.6,7.2
../data/raw/banana_set_large\20230217_083530_jpg.rf.07982f9239cbe2acb2615f47c56c9020.jpg,13.0,10.5
../data/raw/banana_set_large\20230217_083537_jpg.rf.251a04456e46260dd9037fe26a87a4c7.jpg,12.9,24.5
../data/raw/banana_set_large\20230217_083540_jpg.rf.123f3c56b8bd8216b1b6ce6b6a295bee.jpg,10.3,11.0
../data/raw/banana_set_large\20230217_083544_jpg.rf.20e7f7f3b501844cacff3deaf6bed4cb.jpg,22.2,31.9
../data/raw/banana_set_large\20230217_083547_jpg.rf.545fe5c1a83cbaa0fa5705b6f597d1a3.jpg,18.5,25.5
../data/raw/banana_set_large\20230217_083550_jpg.rf.82290bb158267e8dca7907ff67944a9e.jpg,21.6,26.1
../data/raw/banana_set_large\20230217_083556_jpg.rf.ea9ee6bc56fad85f1e0b1be4b988740c.jpg,17.9,14.1
../data/raw/banana_set_large\20230217_083600_jpg.rf.2971cb930613ed6c6cdff31d5b21cfce.jpg,8.9,7.4
../data/raw/banana_set_large\20230217_083604_jpg.rf.c74507be200fd1399ed3808dab2524ef.jpg,11.5,14.3
../data/raw/banana_set_large\20230217_083610_jpg.rf.b8c21c823cce4183d2c60ddba0537722.jpg,19.5,12.1
../data/raw/banana_set_large\20230217_083614_jpg.rf.122db4045bb9dbc559119e462f0e27a0.jpg,32.3,26.2
../data/raw/banana_set_large\20230217_083637_jpg.rf.778356ff9626397d96ca62867851c762.jpg,17.9,10.8
../data/raw/banana_set_large\20230217_083641_jpg.rf.ed97f209e443994017bea7cca25c9e37.jpg,18.8,14.0
../data/raw/banana_set_large\20230217_083645_jpg.rf.571bdc87ae2539e7e88dcccb893c65e0.jpg,31.1,25.3
../data/raw/banana_set_large\20230217_083648_jpg.rf.4b5d23ed05a716d84bd03a4d45b06427.jpg,12.8,14.3
../data/raw/banana_set_large\20230217_083700_jpg.rf.5f312e6f64171a7d9e77d0abc1e23376.jpg,18.3,8.5
../data/raw/banana_set_large\20230217_083704_jpg.rf.c9a4286a7dffa612baffd20f9c2e466b.jpg,25.4,26.6
../data/raw/banana_set_large\20230217_083716_jpg.rf.82f221bb9d435e34fd16fdcad95f333b.jpg,7.7,34.0
../data/raw/banana_set_large\20230217_083720_jpg.rf.85bc8b4bf8824ca01d4afad7460720b1.jpg,25.8,12.2
../data/raw/banana_set_large\20230217_083723_jpg.rf.c52b71858699afa8b86714bf0bc1c845.jpg,30.0,28.3
../data/raw/banana_set_large\20230217_083727_jpg.rf.cf5056ba16885b8eb10a33231371ad53.jpg,16.9,8.7
../data/raw/banana_set_large\20230217_083733_jpg.rf.0d9c82c3c42659cbb3b52454e9d0b897.jpg,16.7,27.1
../data/raw/banana_set_large\20230217_083742_jpg.rf.c5218b5ea4b09648ec19d663f10ad37c.jpg,12.9,18.3
../data/raw/banana_set_large\20230217_083751_jpg.rf.c399316218d2bdd585f08a19e7a59bea.jpg,11.5,6.1
../data/raw/banana_set_large\20230217_083756_jpg.rf.eb7de7133739ba88b0e3658f601fb05c.jpg,7.9,38.8
../data/raw/banana_set_large\20230217_083801_jpg.rf.b95b672a62d78ff5c5b5d441b47d67d4.jpg,27.5,19.9
../data/raw/banana_set_large\20230217_083808_jpg.rf.bf30fde9c21d83ce0b5568140023ed13.jpg,18.9,21.3
../data/raw/banana_set_large\20230217_083811_jpg.rf.9be0b67dafecf927beef97a14fd1917b.jpg,16.4,18.6
../data/raw/banana_set_large\20230217_083817_jpg.rf.77c7eafe4bf7a0c041d7b3db0dda35da.jpg,17.3,10.4
../data/raw/banana_set_large\20230217_083823_jpg.rf.dd46b1d62d2cbc2633f829e2e1679380.jpg,16.1,10.3
../data/raw/banana_set_large\20230217_083828_jpg.rf.f53fdc5973461d3e2aed7e0c2981fc30.jpg,5.5,11.8
../data/raw/banana_set_large\20230217_083842_jpg.rf.3a7244eb36538bfbe4ad37112c5cea6a.jpg,11.2,15.2
../data/raw/banana_set_large\20230217_083847_jpg.rf.4cd8b7c336413652c313f2bf72aab74e.jpg,5.7,11.9
../data/raw/banana_set_large\20230217_083858_jpg.rf.7a60baf0cc45c754a0abb59e705f2f1e.jpg,0.6,12.5
../data/raw/banana_set_large\20230217_084143_jpg.rf.4a1e9fc14c87cc2884a8ecd16e5f3f52.jpg,19.4,17.4
../data/raw/banana_set_large\20230217_084149_jpg.rf.a46664716047eb11662ee1426e1da500.jpg,5.7,7.2
../data/raw/banana_set_large\20230217_084152_jpg.rf.caf78e93e055a1ddba3b24589d2a9587.jpg,16.8,10.9
../data/raw/banana_set_large\20230217_084157_jpg.rf.a3be60f677015e6c9830dbbe5fd3c7ad.jpg,19.4,18.1
../data/raw/banana_set_large\20230217_084201_jpg.rf.138f41461f6f1a7fe2b61b33293cac10.jpg,15.8,11.1
../data/raw/banana_set_large\20230217_084207_jpg.rf.135fee9806b9afdb961db8908f438f50.jpg,17.5,14.6
../data/raw/banana_set_large\20230217_084218_jpg.rf.87c7227b9a131e57d822fa425cccefa2.jpg,18.6,23.3
../data/raw/banana_set_large\20230217_084224_jpg.rf.a706bd833ecd812df9d992556da60137.jpg,10.8,16.5
../data/raw/banana_set_large\20230217_084232_jpg.rf.91fe79251f1880f00a456b1142b5961d.jpg,15.8,14.0
../data/raw/banana_set_large\20230217_084238_jpg.rf.3a2b12e94728a7618ba2b9b540233f6e.jpg,15.2,16.0
../data/raw/banana_set_large\20230217_084255_jpg.rf.451d5309185d621e84b4868522536399.jpg,18.9,12.2
../data/raw/banana_set_large\20230217_084259_jpg.rf.ef3ac51910916d0f97194c8078a2625b.jpg,19.4,20.0
../data/raw/banana_set_large\20230217_084303_jpg.rf.4a6c3800fe1a6b0160d016fa93695fec.jpg,22.4,18.7
../data/raw/banana_set_large\20230217_084317_jpg.rf.0776215d4d46d8eb12ed546db17bbcf4.jpg,23.6,17.7
../data/raw/banana_set_large\20230217_084338_jpg.rf.8ccf645d170599b28acb540f074b176f.jpg,5.7,9.7
../data/raw/banana_set_large\20230217_084343_jpg.rf.fc804e6304e2ff5063f4ce233dfe7c03.jpg,9.0,13.6
../data/raw/banana_set_large\20230217_084350_jpg.rf.c90e365cf46ef72979d8f834a0738a28.jpg,11.4,10.3
../data/raw/banana_set_large\20230217_084810_jpg.rf.20c5ac54a682fcf7e5726c031e620040.jpg,15.9,22.2
../data/raw/banana_set_large\20230217_084817_jpg.rf.505082950a20c96d407a99ad2622dfad.jpg,21.0,16.4
../data/raw/banana_set_large\20230217_084822_jpg.rf.5c05d5ebafe2c27a74f587d47b0c83bf.jpg,17.2,21.0
../data/raw/banana_set_large\20230217_084827_jpg.rf.f6a8efeced1cef893e60a63b7eeaf612.jpg,21.2,17.1
../data/raw/banana_set_large\20230217_084832_jpg.rf.adc3a1a07eb5031806a8393fba6f56d0.jpg,25.5,13.0
../data/raw/banana_set_large\20230217_084840_jpg.rf.d13cabd71f8c63deb5c2adedb3ea298b.jpg,13.4,21.5
../data/raw/banana_set_large\20230217_084845_jpg.rf.feadf7310dd33df28f4686d481aeeec4.jpg,18.2,15.1
../data/raw/banana_set_large\20230217_084852_jpg.rf.baa7fa3577dea5828cefbe914a11eca6.jpg,19.5,16.5
../data/raw/banana_set_large\20230217_084858_jpg.rf.971f8ae0ac40a27eccb784bb9ceae05f.jpg,17.4,19.3
../data/raw/banana_set_large\20230217_085433_jpg.rf.92371b99372d9073bf62e7cd149d26c1.jpg,13.5,54.6
../data/raw/banana_set_large\20230217_085435_jpg.rf.dd13d0c2276ef1b912e559294cf8aae5.jpg,26.3,60.7
../data/raw/banana_set_large\20230217_085438_jpg.rf.95bda1a6a071beaab0819abf63615081.jpg,22.6,70.0
../data/raw/banana_set_large\20230217_085443_jpg.rf.ab21c905eccf2c989e73e203af073e7a.jpg,22.8,74.8
../data/raw/banana_set_large\20230217_085445_jpg.rf.0437251d7834a25e6c0b84fdcd257cae.jpg,26.0,48.7
../data/raw/banana_set_large\20230217_085449_jpg.rf.9a3f672ff0156c60de1a84aba362ec4c.jpg,19.8,63.7
../data/raw/banana_set_large\20230217_085453_jpg.rf.4c7ae4c64e1ea736ec7de8a98c351bf8.jpg,30.9,63.0
../data/raw/banana_set_large\20230217_085456_jpg.rf.a2937802a1c4a7dc5f986290693fc136.jpg,33.6,59.4
../data/raw/banana_set_large\20230217_085500_jpg.rf.66a463682db84b1da946d37519ce593a.jpg,17.3,72.0
../data/raw/banana_set_large\20230217_085504_jpg.rf.f8007b8d439cd059766986ba86c70c33.jpg,31.4,70.6
../data/raw/banana_set_large\20230217_085508_jpg.rf.51a4c29a7368caf89f267cc02e3b3d09.jpg,11.9,65.9
../data/raw/banana_set_large\20230217_085812_jpg.rf.233185e103ab382d454c71e249c8d817.jpg,38.2,87.0
../data/raw/banana_set_large\20230217_085833_jpg.rf.5ae0c7222e18b72b41f2fb15ec8cb147.jpg,11.2,92.4
../data/raw/banana_set_large\20230217_085841_jpg.rf.fd776f4e77c3b7bbfb761cfcd6a18980.jpg,12.1,83.8
../data/raw/banana_set_large\20230217_085848_jpg.rf.47866871d5f4bf07c75646c628306ede.jpg,12.6,92.4
../data/raw/banana_set_large\20230217_085856_jpg.rf.40eb02280045fd20490bbedbaad6668e.jpg,18.3,85.2
../data/raw/banana_set_large\20230217_085906_jpg.rf.0707f21b7d47969f293b3200522683d8.jpg,15.0,84.9
../data/raw/banana_set_large\20230217_085921_jpg.rf.7232676e6212824de8636193198a4d6a.jpg,12.1,92.6
../data/raw/banana_set_large\20230217_085930_jpg.rf.c4964abb5d6e3225c927e71c6be5003e.jpg,12.0,91.4
../data/raw/banana_set_large\20230217_085939_jpg.rf.44e18315146d1e0b04c81f54255cec49.jpg,14.3,83.4
../data/raw/banana_set_large\20230217_085948_jpg.rf.2738e2357f2d17cc0d7e5e823e8471d9.jpg,5.3,84.5
../data/raw/banana_set_large\20230217_085953_jpg.rf.181a256c04150648fd6ef1764323b761.jpg,11.8,88.2
../data/raw/banana_set_large\20230217_090003_jpg.rf.53b237cc1741c86e30bde045dedd3512.jpg,8.5,90.4
../data/raw/banana_set_large\20230217_090010_jpg.rf.0369abb440b91b81de45f8f12f43d4a8.jpg,7.6,92.9
../data/raw/banana_set_large\20230217_090019_jpg.rf.2c2c0bd6b22296ec874c62bf019ee788.jpg,7.4,94.5
../data/raw/banana_set_large\20230217_090028_jpg.rf.4459af48e9b48ca74beeba6b48dee9b1.jpg,13.2,90.7
../data/raw/banana_set_large\20230217_090036_jpg.rf.59f8bc414f7b500f6800fb8a1d72b460.jpg,9.9,85.3
../data/raw/banana_set_large\20230217_090045_jpg.rf.086d6fe993cc9ec5fa76a71d4c9c5504.jpg,18.2,88.7
../data/raw/banana_set_large\20230217_090056_jpg.rf.53e73ee0c346a0f20d2b267b287e51fa.jpg,15.4,88.4
../data/raw/banana_set_large\20230217_090105_jpg.rf.8c501d1e03f72441a2e844b06b579964.jpg,12.9,90.8
../data/raw/banana_set_large\20230217_090115_jpg.rf.c98b7a8d1cc2e5eb92461544963be69f.jpg,21.1,87.7
../data/raw/banana_set_large\20230217_090130_jpg.rf.cf03a3069602e52f1cf59e49069a7805.jpg,13.0,90.8
../data/raw/banana_set_large\20230217_090144_jpg.rf.e6cc85dbe7352163002734efa5b40574.jpg,20.0,87.1
../data/raw/banana_set_large\20230217_090153_jpg.rf.e3aca8b5d29475a310caf5e7dda8373e.jpg,14.8,88.5
../data/raw/banana_set_large\20230217_090200_jpg.rf.47c4c11eabf2f5efe5b0bcc3fe1b8724.jpg,22.2,88.3
../data/raw/banana_set_large\20230217_090209_jpg.rf.d62251562872a79b231ddd810dea9db2.jpg,13.5,90.6
../data/raw/banana_set_large\20230217_090216_jpg.rf.7a48eccd8b078b0b08d3bd0246cb665e.jpg,14.5,87.8
../data/raw/banana_set_large\20230217_090223_jpg.rf.b817c414ead472e79ce81e3b129ffdef.jpg,14.3,86.8
../data/raw/banana_set_large\20230217_090230_jpg.rf.5b874fdd4705a0bc6fcfb9a2ec7b2454.jpg,1.7,88.9
../data/raw/banana_set_large\20230217_090238_jpg.rf.be8355a0748308459c3384a73abc92f3.jpg,18.8,74.3
../data/raw/banana_set_large\20230217_090244_jpg.rf.4688f1ca0c25f3e3bfae361ae84100ed.jpg,9.3,75.3
../data/raw/banana_set_large\20230217_090251_jpg.rf.7504ad9c154d0472695b487d463b0adb.jpg,11.8,86.4
../data/raw/banana_set_large\20230217_090405_jpg.rf.d13f118384dc088547ddfbc0820262b4.jpg,56.3,85.1
../data/raw/banana_set_large\20230217_090409_jpg.rf.978ca4d8fd0f584672d63e5abcbbcd61.jpg,57.1,80.2
../data/raw/banana_set_large\20230217_090414_jpg.rf.5c5617899d5ecfb6ff416986f7f99ed8.jpg,63.4,76.6
../data/raw/banana_set_large\20230217_090419_jpg.rf.9213adf4f284fb767721d427b45ee27c.jpg,60.3,74.2
../data/raw/banana_set_large\20230217_090429_jpg.rf.a173da679eb4cf1737579feccabc8f73.jpg,62.2,69.4
../data/raw/banana_set_large\20230217_090435_jpg.rf.f97d606c61528e89b877dc0e26241c2d.jpg,49.7,70.2
../data/raw/banana_set_large\20230217_090443_jpg.rf.dcb00e2651ad366e8873d6175dac08f4.jpg,58.6,75.3
../data/raw/banana_set_large\20230217_090450_jpg.rf.75436de139e00f3ba3863ae7ececfb1d.jpg,58.5,70.0
../data/raw/banana_set_large\20230217_090501_jpg.rf.e0cb2a5d01fc83913d5ea55fd08454f9.jpg,65.8,80.6
../data/raw/banana_set_large\20230217_090510_jpg.rf.730346847912482cadf5d6e7dd36a652.jpg,64.9,81.6
../data/raw/banana_set_large\20230217_091035_jpg.rf.af29bc17602761376ea507370099798c.jpg,29.2,91.4
../data/raw/banana_set_large\20230217_091039_jpg.rf.144797f881dbcf2e9c8ba2f54454dd65.jpg,47.7,85.5
../data/raw/banana_set_large\20230217_091045_jpg.rf.8840194f7c0c6963d4a3170240deebad.jpg,38.0,81.2
../data/raw/banana_set_large\20230217_091101_jpg.rf.3d3ba66ca3b798844a92fc6016848fb1.jpg,26.4,90.1
../data/raw/banana_set_large\20230217_091106_jpg.rf.ad34110a5245207c4308c8459dce9a3b.jpg,46.6,83.6
../data/raw/banana_set_large\20230217_091112_jpg.rf.6eee6e45fbada2452485455654952728.jpg,32.0,86.3
../data/raw/banana_set_large\20230217_091121_jpg.rf.f75d9aab20cd9ef0718485a5fc41018a.jpg,20.0,86.9
../data/raw/banana_set_large\20230217_092145_jpg.rf.8206d3a0d945ce146026f9d4ed0f0408.jpg,30.3,69.7
../data/raw/banana_set_large\20230217_092157_jpg.rf.d4be66232e7b733c1b5802a7013479c4.jpg,18.3,67.5
../data/raw/banana_set_large\20230217_092203_jpg.rf.d37c98b88f210795fc1aa1864b686cd4.jpg,31.3,68.9
../data/raw/banana_set_large\20230217_092218_jpg.rf.db3045a1973ae2773db72b26a22731aa.jpg,37.7,67.0
../data/raw/banana_set_large\20230217_092223_jpg.rf.98604bc7877761985068b4c9f6ca7a65.jpg,27.9,69.6
../data/raw/banana_set_large\20230217_092227_jpg.rf.1616d3e2e53b785695b3b466f0eeaecb.jpg,26.6,69.6
../data/raw/banana_set_large\20230217_092232_jpg.rf.cf4494ccca4013aaca8cec8b9927723f.jpg,34.5,72.1
../data/raw/banana_set_large\20230217_092236_jpg.rf.31efe04b1c00429834346b20903a8545.jpg,25.7,72.8
../data/raw/banana_set_large\20230217_092241_jpg.rf.59cfdec356801e8a4d43e962235ef1db.jpg,40.0,68.4
../data/raw/banana_set_large\20230217_092248_jpg.rf.17068fe8fc6536d4a6e33a4c5819f71e.jpg,13.0,63.9
../data/raw/banana_set_large\20230217_092256_jpg.rf.eb0e10f1a5d32f7e6ef0e340b3ac0b21.jpg,35.5,64.0
../data/raw/banana_set_large\20230217_092303_jpg.rf.97b731b4676c99a9ea81ca33dbeba58d.jpg,33.0,70.9
../data/raw/banana_set_large\20230217_092310_jpg.rf.5aed115f82bc1ff5d555ce7948594036.jpg,33.3,64.9
../data/raw/banana_set_large\20230217_092315_jpg.rf.81738630ae3563f2f3a652bcfca01656.jpg,23.9,70.6
../data/raw/banana_set_large\20230217_092327_jpg.rf.79215c6015cef03a84019ea62e826f0e.jpg,42.5,71.0
../data/raw/banana_set_large\20230217_092349_jpg.rf.252cfef5026896a29bfcf49670f54733.jpg,39.1,69.0
../data/raw/banana_set_large\20230217_092354_jpg.rf.8f6a75a83574b058bd9f370b5556da26.jpg,30.7,74.7
../data/raw/banana_set_large\20230217_092359_jpg.rf.23b4bad9982425817e7579bde6b08f62.jpg,40.3,72.1
../data/raw/banana_set_large\20230217_092405_jpg.rf.9d410b069ad02558b7179ccc0218de9e.jpg,27.8,67.0
../data/raw/banana_set_large\20230217_092410_jpg.rf.bd9d315054b51ad2be6c4ed7a72c0ca7.jpg,45.0,66.5
../data/raw/banana_set_large\20230217_092415_jpg.rf.d1099c2b7b3cca1ba34ca5c8ed504e56.jpg,32.4,62.8
../data/raw/banana_set_large\20230217_092426_jpg.rf.46c727445f3d6115cb8470a0a51e62c1.jpg,32.0,75.1
../data/raw/banana_set_large\20230217_092432_jpg.rf.0469e05c9f836bfa6f0846d498ea0cdd.jpg,34.4,75.2
../data/raw/banana_set_large\20230217_092437_jpg.rf.b16c5527357dfff4bf8057354a44b898.jpg,36.6,70.6
../data/raw/banana_set_large\20230217_092459_jpg.rf.0c239a21e6f3b55f3fb1d130a2efabe5.jpg,35.1,77.4
../data/raw/banana_set_large\20230217_092504_jpg.rf.b33fb01fd633e15d8f0fd81a2de384ca.jpg,33.5,73.5
../data/raw/banana_set_large\20230217_092509_jpg.rf.96cee44fcb54e5eae1d033feac097954.jpg,23.4,67.6
../data/raw/banana_set_large\20230217_092515_jpg.rf.1a035c3c6e6c30d8eacd8edd582fca71.jpg,30.7,72.4
../data/raw/banana_set_large\20230217_092520_jpg.rf.d624a1fccb7a9bbebe2cf6a1170d6aa3.jpg,30.4,72.0
../data/raw/banana_set_large\20230217_092528_jpg.rf.b2e2a3f6f1d12b211f0634bb83480a37.jpg,27.0,73.8
../data/raw/banana_set_large\20230217_092533_jpg.rf.6bdec515762c8690956344957406c742.jpg,21.0,61.5
../data/raw/banana_set_large\20230217_092537_jpg.rf.359a4a1216679adab79e82c0639b65a5.jpg,24.5,68.7
../data/raw/banana_set_large\20230217_092541_jpg.rf.5818cdbbbc45c0e07dc2ca9345241969.jpg,19.1,66.9
../data/raw/banana_set_large\20230217_092729_jpg.rf.a4f4154df6372efd996a868ad36b59b4.jpg,39.5,52.7
../data/raw/banana_set_large\20230217_092738_jpg.rf.f56a030c5f04656c37719388041cd48c.jpg,41.5,66.7
../data/raw/banana_set_large\20230217_092742_jpg.rf.d1e7755fe14ae5e2495900b338121aac.jpg,51.2,56.3
../data/raw/banana_set_large\20230217_092747_jpg.rf.cac7d8c2319f8b2330eadea67111d3f3.jpg,37.9,63.2
../data/raw/banana_set_large\20230217_092752_jpg.rf.76eafde7263f630f1cdb3a4449a4b869.jpg,39.9,66.5
../data/raw/banana_set_large\20230217_092802_jpg.rf.3df656d61421505753920b6f81cbd340.jpg,56.8,44.7
../data/raw/banana_set_large\20230217_092808_jpg.rf.42d2498b8a4006f70bc813d609a27362.jpg,58.6,53.4
../data/raw/banana_set_large\20230217_092823_jpg.rf.b9506e7a165e4c2430cf1b4fd7986912.jpg,62.3,57.1
../data/raw/banana_set_large\20230217_092849_jpg.rf.dc55e672a3f04e15a4adbc4155c5e54c.jpg,48.5,56.6
../data/raw/banana_set_large\20230217_092853_jpg.rf.58561cd9cb47e9f5f4603ba3ec00ad05.jpg,46.6,54.8
../data/raw/banana_set_large\20230217_092858_jpg.rf.e214934499b5680f5706b24b55d2c3ff.jpg,49.3,53.4
../data/raw/banana_set_large\20230217_092902_jpg.rf.33e47423fa6074f115d97248174ab6f3.jpg,55.0,47.6
../data/raw/banana_set_large\20230217_092906_jpg.rf.1282370a1d04fea5acc48fd0d5f7f679.jpg,46.8,62.8
../data/raw/banana_set_large\20230217_092910_jpg.rf.4cc0c9bd5e87093e331a05bcd3b5e913.jpg,48.2,48.6
../data/raw/banana_set_large\20230217_092918_jpg.rf.5db1c56e7f209e1ee4a7fddf7d06a2d2.jpg,52.9,57.9
../data/raw/banana_set_large\20230217_092923_jpg.rf.264234f1b16ec0001ea3b05fc3ebedf3.jpg,51.4,64.2
../data/raw/banana_set_large\20230217_092931_jpg.rf.2eec6dcf01383277082c67d2e715619d.jpg,44.7,69.0
../data/raw/banana_set_large\20230217_092944_jpg.rf.65da0ac78e658d73629be046f58bffb1.jpg,57.9,60.5
../data/raw/banana_set_large\20230217_092956_jpg.rf.9be2a8c38cba2456c13663d5e4fdb6c5.jpg,38.5,59.7
../data/raw/banana_set_large\20230217_093000_jpg.rf.58fa2be4c5fc277158e66ed3d545e400.jpg,48.6,59.4
../data/raw/banana_set_large\20230217_093003_jpg.rf.1c6ebafd0e8a63e302d59f1c7bdfaf48.jpg,37.6,62.2
../data/raw/banana_set_large\20230217_093008_jpg.rf.2a7d1930bccaec7668b7edac6e93bf86.jpg,49.5,49.7
../data/raw/banana_set_large\20230217_093016_jpg.rf.518dcabfcf3860876e13f0c693a91ecf.jpg,60.0,50.8
../data/raw/banana_set_large\20230217_093022_jpg.rf.60ed5df0fa9968c49fd40f5f04ff8282.jpg,56.6,48.5
../data/raw/banana_set_large\20230217_093027_jpg.rf.f26f1abd88eb602d50d51a3c87e0f9c6.jpg,56.3,51.1
../data/raw/banana_set_large\20230217_093032_jpg.rf.6b307ffa5a795b50f94f3bf62dbeb8f2.jpg,59.1,52.0
../data/raw/banana_set_large\20230217_093038_jpg.rf.9270db129ffac43959c592d4e9298126.jpg,56.6,51.6
../data/raw/banana_set_large\20230217_093042_jpg.rf.bf5d2eca176de9d988455219c39f390c.jpg,54.2,66.1
../data/raw/banana_set_large\20230217_093046_jpg.rf.8784d5654b729925781d2d43dfc5e30a.jpg,55.7,57.3
../data/raw/banana_set_large\20230217_093054_jpg.rf.85321ba9872f1850de3c923e27b9d2dd.jpg,50.6,55.8
../data/raw/banana_set_large\20230217_093058_jpg.rf.72a1adb9b1487e433d6fe5c64df4b785.jpg,53.5,53.9
../data/raw/banana_set_large\20230217_093104_jpg.rf.47bcfc1fc5eda710a4a9c3decbde2dda.jpg,57.9,55.3
../data/raw/banana_set_large\20230217_093108_jpg.rf.dde346d0cbd4ea1db8e2e0d5930bcb09.jpg,48.9,57.4
../data/raw/banana_set_large\20230217_093114_jpg.rf.4d777a38f83d851333bc3ec7d47cdc9a.jpg,57.5,58.3
../data/raw/banana_set_large\20230217_093122_jpg.rf.6e8484f57dfa7852239a0bf3a2c5cd4b.jpg,57.1,50.1
../data/raw/banana_set_large\20230217_093128_jpg.rf.482cbedf2d95df406f63a06845057e1d.jpg,50.4,58.4
../data/raw/banana_set_large\20230217_093136_jpg.rf.ae25bc6e7be033e4ffda48b90b1ae1be.jpg,54.8,56.5
../data/raw/banana_set_large\20230217_093146_jpg.rf.1fc4ffdee52702d4b748ede153a59e34.jpg,37.8,54.6
../data/raw/banana_set_large\20230217_093154_jpg.rf.d7165d4898ffed726d8ab11de896b728.jpg,46.8,53.4
../data/raw/banana_set_large\20230217_093159_jpg.rf.1af342c9b95d1343e6b0a0d5df771405.jpg,10.5,51.4
../data/raw/banana_set_large\20230217_093205_jpg.rf.4ce66ab305ee0c8553cead0af09e1217.jpg,51.0,54.0
../data/raw/banana_set_large\20230217_093209_jpg.rf.b1121c029d17e69154b523f115ebc9be.jpg,53.8,54.0
../data/raw/banana_set_large\20230217_093212_jpg.rf.491a4656b57f0a4c2461de0af94ca730.jpg,31.0,39.6
../data/raw/banana_set_large\20230217_093217_jpg.rf.a5bd81442af84c8677d8460c390835cc.jpg,15.6,49.5
../data/raw/banana_set_large\IMG_20230204_083004_jpg.rf.2d92b078bcb9b7f031a3a1c052d426db.jpg,28.4,12.2
../data/raw/banana_set_large\IMG_20230204_083016_1_jpg.rf.b027df8dcd011c58054d0785d1f900ec.jpg,38.2,12.4
../data/raw/banana_set_large\IMG_20230204_083021_jpg.rf.7ceb06f9e52ebf3d4ac368c612be4f34.jpg,32.7,11.7
../data/raw/banana_set_large\IMG_20230204_083047_1_jpg.rf.468dbf034fc549800a96917727304ea5.jpg,16.1,7.6
../data/raw/banana_set_large\IMG_20230204_083054_jpg.rf.1f489984c603996dc5b400cd286b3988.jpg,22.5,9.0
../data/raw/banana_set_large\IMG_20230204_083150_1_jpg.rf.ffeccf4a52be6e7f4ee7d03f17d7bd0b.jpg,26.6,11.0
../data/raw/banana_set_large\IMG_20230204_083157_1_jpg.rf.bb518afe132417737fe256d84f05630a.jpg,31.7,6.5
../data/raw/banana_set_large\IMG_20230204_083210_1_jpg.rf.69697701e1d17124fe74fba1dc048e1c.jpg,22.3,9.0
../data/raw/banana_set_large\IMG_20230204_083217_jpg.rf.9ceefcd6a4786a9c01e3d19f54c177af.jpg,21.5,11.4
../data/raw/banana_set_large\IMG_20230204_083232_jpg.rf.473762192bfd8bc8a8d983f39b1a2fe0.jpg,26.8,10.3
../data/raw/banana_set_large\IMG_20230204_083237_1_jpg.rf.e79ced7b8e8494ec31002cd76372be7d.jpg,27.1,8.6
../data/raw/banana_set_large\IMG_20230204_083245_jpg.rf.d0e92a43e71348db0be2c3615972271b.jpg,26.7,15.7
../data/raw/banana_set_large\IMG_20230204_083254_jpg.rf.b4b3d5518ed067dac536d3d51fab51af.jpg,36.0,15.4
../data/raw/banana_set_large\IMG_20230204_083308_1_jpg.rf.85210d66384744ce12a9a5774590038a.jpg,27.2,26.9
../data/raw/banana_set_large\IMG_20230204_083314_jpg.rf.da8cede94c0b9263d16d3c5cf2555406.jpg,38.1,33.4
../data/raw/banana_set_large\IMG_20230204_083324_jpg.rf.9763bf5877d52928eb92b4c5b7682295.jpg,5.3,9.1
../data/raw/banana_set_large\IMG_20230204_083329_1_jpg.rf.2124775d678f6dac506dc48631ed17ac.jpg,5.8,6.5
../data/raw/banana_set_large\IMG_20230204_083413_1_jpg.rf.695148bfcf86cc195651dc61b0c6085f.jpg,29.0,9.1
../data/raw/banana_set_large\IMG_20230204_083418_1_jpg.rf.56de4a0edc8323c070ad9d30727de7a8.jpg,37.2,11.5
../data/raw/banana_set_large\IMG_20230204_083440_1_jpg.rf.1fb83818d985e557c1d7500e0e6342c9.jpg,35.6,21.7
../data/raw/banana_set_large\IMG_20230204_083445_jpg.rf.122ec7dce3b78aec33e0dc7819c39417.jpg,39.7,17.9
../data/raw/banana_set_large\IMG_20230204_083723_1_jpg.rf.637853b7196f13a279a9d2a680b00146.jpg,2.8,28.0
../data/raw/banana_set_large\IMG_20230204_083737_1_jpg.rf.e9997860bd422e7d4ec8b14042b1d048.jpg,1.1,31.1
../data/raw/banana_set_large\IMG_20230204_083851_jpg.rf.44befd905f14f31799b8b379f8f2c794.jpg,23.3,32.2
../data/raw/banana_set_large\IMG_20230204_083903_jpg.rf.793e30d37797c7058393e0ce69c251f4.jpg,36.1,12.7
../data/raw/banana_set_large\IMG_20230204_083931_1_jpg.rf.dfc00801424ff50ae2d37a29cd13d689.jpg,4.6,30.3
../data/raw/banana_set_large\IMG_20230204_083950_jpg.rf.1a8f44a73ca54b3d1d7cbbec800829ff.jpg,5.4,22.8
../data/raw/banana_set_large\IMG_20230204_084021_jpg.rf.959ca4ef831c318781f69633ba2a3d43.jpg,11.5,35.4
../data/raw/banana_set_large\IMG_20230204_084028_1_jpg.rf.1918f11e7c91516af17b3c6849c77600.jpg,13.6,45.3
../data/raw/banana_set_large\IMG_20230204_084104_1_jpg.rf.3d870e7b7728cac23c20c1554afd6ef0.jpg,40.2,29.1
../data/raw/banana_set_large\IMG_20230204_084119_jpg.rf.7d00bd70866f5d75d4b8ac79e3a279ce.jpg,46.6,22.7
../data/raw/banana_set_large\IMG_20230204_084123_1_jpg.rf.14e6e5a4e2d57cbef555eb2c3f6e8347.jpg,50.9,21.9
../data/raw/banana_set_large\IMG_20230204_084336_jpg.rf.82bcb40e7576b0cdf2cc8b36e5d7c665.jpg,26.6,33.8
../data/raw/banana_set_large\IMG_20230204_084341_1_jpg.rf.17ed9404efbf9550aeadc77c1d51bf1a.jpg,30.5,17.5
../data/raw/banana_set_large\IMG_20230204_084354_1_jpg.rf.5af526a2150dbfc9d39025df7c12ceda.jpg,39.8,27.4
../data/raw/banana_set_large\IMG_20230204_084401_jpg.rf.07c9dd2a6045a0b37f68720ab1577233.jpg,33.4,39.6
../data/raw/banana_set_large\IMG_20230204_084413_1_jpg.rf.fbcc2a29c30093bd8d0912f85d288aae.jpg,23.4,26.7
../data/raw/banana_set_large\IMG_20230204_084423_jpg.rf.6620de6b4baef5510ba3f2296f431135.jpg,31.6,26.3
../data/raw/banana_set_large\IMG_20230204_084440_jpg.rf.db7a6a18b4d8d91915a0d03d4e1d64e8.jpg,33.9,9.6
../data/raw/banana_set_large\IMG_20230204_084445_1_jpg.rf.f2bd9718faf1f792ed145022ae066fa6.jpg,45.5,10.2
../data/raw/banana_set_large\IMG_20230204_084510_jpg.rf.50b328c37bf2be7af4a5a33c2f98a536.jpg,28.9,39.2
../data/raw/banana_set_large\IMG_20230204_084516_jpg.rf.8c5ff4befe7f290453b651066c2ed418.jpg,20.8,29.3
../data/raw/banana_set_large\IMG_20230204_084529_1_jpg.rf.cbd29515d05099f83a7913d4e3134318.jpg,45.0,19.0
../data/raw/banana_set_large\IMG_20230204_084534_jpg.rf.d9386356aae5129c118a31806b25e5f7.jpg,43.3,27.8
../data/raw/banana_set_large\IMG_20230204_084556_1_jpg.rf.fe2d728a98a63dfff83e118ba0c93f62.jpg,7.1,13.6
../data/raw/banana_set_large\IMG_20230204_084601_1_jpg.rf.3ad4c015b90f57a3d1564f76f955d158.jpg,13.6,13.3
../data/raw/banana_set_large\IMG_20230204_084612_1_jpg.rf.64170e7e217a152a7d1ae7c78a06a2f7.jpg,10.9,16.6
../data/raw/banana_set_large\IMG_20230204_084618_1_jpg.rf.775af045850507bdda19eb21af7b15f3.jpg,9.0,9.8
../data/raw/banana_set_large\IMG_20230204_084644_jpg.rf.d9bd77890ccc39d4f56bb2d5d3fe43aa.jpg,18.1,8.6
../data/raw/banana_set_large\IMG_20230204_084702_jpg.rf.ca7352d56d27b39f8e40dbf9ba601812.jpg,24.5,5.7
../data/raw/banana_set_large\IMG_20230204_084809_1_jpg.rf.71cb749a119350605b1f21f6e033a8ca.jpg,27.2,24.4
../data/raw/banana_set_large\IMG_20230204_084814_jpg.rf.7fec3241017b578441027ed3329a2fef.jpg,27.2,16.1
../data/raw/banana_set_large\IMG_20230204_084821_jpg.rf.2b02046b6de946d24739c2906b12657e.jpg,32.9,11.7
../data/raw/banana_set_large\IMG_20230204_084920_1_jpg.rf.0766b6a6a50f23875a93cf63016e8db6.jpg,35.8,3.9
../data/raw/banana_set_large\IMG_20230204_084925_1_jpg.rf.e681e4571185b726adc87c1586fceaeb.jpg,42.6,8.6
../data/raw/banana_set_large\IMG_20230204_084948_jpg.rf.e09acf611e6e3a21045682710598c203.jpg,18.9,13.6
../data/raw/banana_set_large\IMG_20230204_085001_1_jpg.rf.8592ec779f6ab1e2b2f32f096317c895.jpg,19.9,40.3
../data/raw/banana_set_large\IMG_20230204_085050_jpg.rf.69594299a0d5dc4845d5dfc73e977e62.jpg,17.2,3.1
../data/raw/banana_set_large\IMG_20230204_085059_1_jpg.rf.0e42e14368df4c37972ebaee84385da5.jpg,25.0,7.7
../data/raw/banana_set_large\IMG_20230204_085128_jpg.rf.8235583ad111490df3ae9b014864c12f.jpg,33.9,18.3
../data/raw/banana_set_large\IMG_20230204_085132_1_jpg.rf.2eafbc8f89bc7a3fcd76ea9db05c1795.jpg,30.7,19.9
../data/raw/banana_set_large\IMG_20230213_075318_1_jpg.rf.30ab597b244556a591dce6152e9f14e1.jpg,24.5,10.5
../data/raw/banana_set_large\IMG_20230213_075337_jpg.rf.3a0692f1165f4e8e4e763ed11fe4d72d.jpg,25.5,9.5
../data/raw/banana_set_large\IMG_20230213_075344_1_jpg.rf.866de9fbfd44318467ea750f0eee44b3.jpg,24.5,18.1
../data/raw/banana_set_large\IMG_20230213_075451_1_jpg.rf.994c4e96c8141f61eacdeacbeea409a4.jpg,17.5,27.1
../data/raw/banana_set_large\IMG_20230213_075500_1_jpg.rf.a7d9697ad4c67c965c1a30435e822d7f.jpg,29.1,17.4
../data/raw/banana_set_large\IMG_20230213_075509_1_jpg.rf.b3460d2ac344999dd74045a1eca9b13a.jpg,22.4,11.4
../data/raw/banana_set_large\IMG_20230213_075518_1_jpg.rf.7467702922f7913c9c49a3d876889400.jpg,22.3,15.2
../data/raw/banana_set_large\IMG_20230213_075527_1_jpg.rf.4942d7e9e85dde41ac7529c2455b637d.jpg,23.0,17.4
../data/raw/banana_set_large\IMG_20230213_075534_1_jpg.rf.77a3cec11bf5a6be6625bb34f8d061cb.jpg,31.8,16.8
../data/raw/banana_set_large\IMG_20230213_075817_1_jpg.rf.cf013e26e7be94b639aa486ae8684846.jpg,26.6,10.5
../data/raw/banana_set_large\IMG_20230213_075820_1_jpg.rf.50857283d5d58579489ab15a69722f9d.jpg,24.4,10.0
../data/raw/banana_set_large\IMG_20230213_075830_1_jpg.rf.4e3ebd039a114e8a23475c8743be14bf.jpg,24.7,12.3
../data/raw/banana_set_large\IMG_20230213_075840_1_jpg.rf.2b8ef5f43c2ccb3139ffacd29be89c82.jpg,21.8,14.3
../data/raw/banana_set_large\IMG_20230213_075850_1_jpg.rf.1f0e801f2d19113255d200dfd3269f22.jpg,26.2,15.2
../data/raw/banana_set_large\IMG_20230213_075856_1_jpg.rf.4ab6a7ede88b2d04d7c2d7c6822f6648.jpg,28.9,10.8
../data/raw/banana_set_large\IMG_20230213_075905_1_jpg.rf.b1fb84563dfa156b5fdc04a454853c86.jpg,32.2,10.2
../data/raw/banana_set_large\IMG_20230213_075915_1_jpg.rf.376a92b7b429e7aec9a685ad375cb6cc.jpg,29.1,10.3
../data/raw/banana_set_large\IMG_20230213_075921_jpg.rf.b42916837cc88600ef31efa41c99c6d7.jpg,30.5,10.0
../data/raw/banana_set_large\IMG_20230213_075934_jpg.rf.5e172e97a222fb380d0431a554dbe929.jpg,25.7,16.0
../data/raw/banana_set_large\IMG_20230213_075939_jpg.rf.908ec8b51b26c00f1dcfb79804da7fd1.jpg,31.1,13.2
../data/raw/banana_set_large\IMG_20230213_075946_1_jpg.rf.e996536fe9169fca0b6d5662862a1fa6.jpg,23.7,15.9
../data/raw/banana_set_large\IMG_20230213_075952_1_jpg.rf.8d8d2244ae2fd22917c4fe1f37cbdc53.jpg,21.9,14.1
../data/raw/banana_set_large\IMG_20230213_080001_1_jpg.rf.27e672ad8cb712503bde1d77f169a517.jpg,21.8,12.5
../data/raw/banana_set_large\IMG_20230213_080155_1_jpg.rf.3ac27055a738d523e01709f33177a100.jpg,24.2,20.9
../data/raw/banana_set_large\IMG_20230213_080201_1_jpg.rf.2fae988c7dfc473dc4ddc99a87355222.jpg,17.9,25.3
../data/raw/banana_set_large\IMG_20230213_080208_1_jpg.rf.e320463d514e794b8b517038abcfe789.jpg,21.0,27.4
../data/raw/banana_set_large\IMG_20230213_080217_jpg.rf.a05693559b6297f3f1b7ff036c117e55.jpg,31.9,21.8
../data/raw/banana_set_large\IMG_20230213_080223_1_jpg.rf.ff3e4b564f2ff6e89802690c7fbf54ca.jpg,30.4,31.1
../data/raw/banana_set_large\IMG_20230213_080229_1_jpg.rf.787f0e291a137f5584f7ae1af799a601.jpg,13.2,26.4
../data/raw/banana_set_large\IMG_20230213_080235_jpg.rf.679cd446c7791b80244c8e01fde091be.jpg,19.2,27.9
../data/raw/banana_set_large\IMG_20230213_080240_jpg.rf.6a33a634df4b78e5a62dd83071501b88.jpg,11.8,26.5
../data/raw/banana_set_large\IMG_20230213_080246_1_jpg.rf.d0bea68cbdc93c8c223467e78edcaea6.jpg,17.4,25.3
../data/raw/banana_set_large\IMG_20230213_080254_1_jpg.rf.936c70e6086af15b73e51bf991fdd88c.jpg,14.1,24.6
../data/raw/banana_set_large\IMG_20230213_080300_jpg.rf.f56867431e4f36e32e4c8cc59b3d02bc.jpg,12.2,21.2
../data/raw/banana_set_large\IMG_20230213_080309_jpg.rf.6320a55420051b34861d624b6f602355.jpg,23.5,17.0
../data/raw/banana_set_large\IMG_20230213_080317_1_jpg.rf.fe3515aebcaf70eb483f103bda30465a.jpg,18.5,17.9
../data/raw/banana_set_large\IMG_20230213_080333_1_jpg.rf.20fc557225dfaa241a4fa047754d4f0d.jpg,23.5,17.0
../data/raw/banana_set_large\IMG_20230213_080340_1_jpg.rf.9e83eab9dcf4a19c3b2c6ecdb0c9ab7e.jpg,13.4,27.6
../data/raw/banana_set_large\IMG_20230213_080345_1_jpg.rf.ccab63f94fe7f65eea94d4352faae9c3.jpg,12.6,25.6
../data/raw/banana_set_large\IMG_20230213_080401_jpg.rf.69c9d2efc787ea90b0ab103a696806e7.jpg,30.8,25.6
../data/raw/banana_set_large\IMG_20230213_080806_jpg.rf.8c184d4870840b09fabe69417394fe46.jpg,14.6,49.1
../data/raw/banana_set_large\IMG_20230213_080811_1_jpg.rf.eb0eaeea9ce7f925aa1d37af58aa82ee.jpg,28.1,23.6
../data/raw/banana_set_large\IMG_20230213_080824_1_jpg.rf.a39bb686e254924e895d0759c58531c5.jpg,11.3,24.5
../data/raw/banana_set_large\IMG_20230213_080830_1_jpg.rf.5c688703239fbe34d667c0a41a32931a.jpg,10.2,29.1
../data/raw/banana_set_large\IMG_20230213_080838_1_jpg.rf.0826683047bc4377f2075344d7a8d717.jpg,5.6,23.0
../data/raw/banana_set_large\IMG_20230213_080849_1_jpg.rf.2eb9f0cdf5df4e2c346b814dbb806033.jpg,10.8,27.4
../data/raw/banana_set_large\IMG_20230213_080908_1_jpg.rf.de18160982b2c23fbc57b5a665bc1676.jpg,26.9,7.9
../data/raw/banana_set_large\IMG_20230213_080913_1_jpg.rf.320701e5220679d067d1f61c9c017ba1.jpg,24.4,7.5
../data/raw/banana_set_large\IMG_20230213_080941_jpg.rf.47f46fe8285ac39f2075e7d7781bbd3b.jpg,12.6,28.0
../data/raw/banana_set_large\IMG_20230213_080953_1_jpg.rf.b294814df51ef4d6b5a6bfab4b44f3cf.jpg,22.6,18.5
../data/raw/banana_set_large\IMG_20230213_080958_1_jpg.rf.bf1cbb8c60ffc39447a2d5ba08c7f60a.jpg,24.1,20.2
../data/raw/banana_set_large\IMG_20230213_081006_jpg.rf.a7826d387df08bae28373a86e3a51c94.jpg,24.3,29.4
../data/raw/banana_set_large\IMG_20230213_081011_1_jpg.rf.ad0acf41627011a763e86bc155ecf1ca.jpg,22.9,17.8
../data/raw/banana_set_large\IMG_20230213_081017_1_jpg.rf.918ab084706c64e824ee095af618e8a0.jpg,16.9,24.0
../data/raw/banana_set_large\IMG_20230213_081022_1_jpg.rf.036c2411ab2d0f16c56a7ecf9b115a0a.jpg,11.6,31.3
../data/raw/banana_set_large\IMG_20230213_081028_1_jpg.rf.18c01a24c2a0a84e23d9d854d714a661.jpg,27.4,19.2
../data/raw/banana_set_large\IMG_20230213_081037_jpg.rf.1390de66ea5810810139d8d9bf839b6c.jpg,34.8,19.4
../data/raw/banana_set_large\IMG_20230213_081044_jpg.rf.c142ff3da8947d75384e534a84cacc10.jpg,15.5,25.1
../data/raw/banana_set_large\IMG_20230213_081049_1_jpg.rf.63d53a6b1844f1965987f8d5b97799bd.jpg,13.4,23.1
../data/raw/banana_set_large\IMG_20230213_081100_1_jpg.rf.599ee5597f82838c69b741a9653bd94d.jpg,11.8,25.2
../data/raw/banana_set_large\IMG_20230213_081104_1_jpg.rf.0a37cc90d420f9a44c4b30905618753b.jpg,12.6,31.0
../data/raw/banana_set_large\IMG_20230213_081116_1_jpg.rf.8611efd408d6d8f40f10138e77d1a8b3.jpg,32.4,23.6
../data/raw/banana_set_large\IMG_20230213_081123_jpg.rf.4d5ea1a110e836cb840ca800b40ad50c.jpg,18.6,24.4
../data/raw/banana_set_large\IMG_20230213_081126_1_jpg.rf.99c153a1358d5ff9b8b78368815ae91d.jpg,26.8,30.8
../data/raw/banana_set_large\IMG_20230213_081241_1_jpg.rf.1ffdacf657e98764174a020ee5898c74.jpg,16.0,35.7
../data/raw/banana_set_large\IMG_20230213_081247_1_jpg.rf.e9f5144b812506fc9a27f3ab7326e339.jpg,22.9,41.6
../data/raw/banana_set_large\IMG_20230213_081507_jpg.rf.03292ed352ba1ddc8e7663ca176653bc.jpg,25.2,18.7
../data/raw/banana_set_large\IMG_20230213_081511_1_jpg.rf.6b853b9a1a1f3021edd5503e39cd1352.jpg,31.0,19.4
../data/raw/banana_set_large\IMG_20230213_081517_1_jpg.rf.2e8863dc158bdab02b636c6efbf2701a.jpg,34.2,14.3
../data/raw/banana_set_large\IMG_20230213_081521_1_jpg.rf.1acfe0f95801c2c93aa5bc62b599dd28.jpg,36.6,13.3
../data/raw/banana_set_large\IMG_20230213_081527_jpg.rf.5837205a358ea67502c28594171b44f4.jpg,35.5,17.6
../data/raw/banana_set_large\IMG_20230213_081531_1_jpg.rf.52fe7014029c3203c5d3f7f2c6b88f3b.jpg,35.9,11.6
../data/raw/banana_set_large\IMG_20230213_081541_1_jpg.rf.1c43ddd9c4b367d85d33c00876b3d79b.jpg,25.5,19.9
../data/raw/banana_set_large\IMG_20230213_082224_jpg.rf.a21fc86fb48a2a1c8e84538b638d56b6.jpg,23.6,20.7
../data/raw/banana_set_large\IMG_20230213_082228_jpg.rf.fc3ec9bbfd22df42c0953079eff4fdd3.jpg,31.6,12.1
../data/raw/banana_set_large\IMG_20230213_082233_1_jpg.rf.9d474e2246c43c8c2f65d2f80f4b653f.jpg,29.5,9.1
../data/raw/banana_set_large\IMG_20230213_082237_1_jpg.rf.7f400e5bf5cebd04d5f2c79a820cb457.jpg,23.8,8.8
../data/raw/banana_set_large\IMG_20230213_082307_1_jpg.rf.ddf3e18310576cbaaa66f84ede65882b.jpg,31.5,16.6
../data/raw/banana_set_large\IMG_20230213_082314_jpg.rf.6e9473354b16b461bad3a073b51c3d26.jpg,23.5,8.0
../data/raw/banana_set_large\IMG_20230213_082319_1_jpg.rf.c91c56b4ed544d3587f4300309a92f80.jpg,11.6,7.9
../data/raw/banana_set_large\IMG_20230213_082341_jpg.rf.2f7c7323e4e1385b07c4e01781cf3a44.jpg,4.0,12.9
../data/raw/banana_set_large\IMG_20230213_082347_jpg.rf.7d8c9666b956b054e124052e0d92a8a0.jpg,14.4,9.8
../data/raw/banana_set_large\IMG_20230213_082353_1_jpg.rf.306ff60a804596cfb037c6c7b2f8784d.jpg,19.9,9.4
../data/raw/banana_set_large\IMG_20230213_082411_1_jpg.rf.2ee5171cc79ace45a92481c7f80ff8b6.jpg,31.6,22.7
../data/raw/banana_set_large\IMG_20230213_082416_1_jpg.rf.9e14a26c78405d4a1c6d87c0967c1060.jpg,33.9,28.9
../data/raw/banana_set_large\IMG_20230213_082430_jpg.rf.211fd8c49006c1be70767d8679750cd7.jpg,28.7,23.4
../data/raw/banana_set_large\IMG_20230213_082434_1_jpg.rf.cc56a6c0410f7fbf52ec48967e5749ba.jpg,21.8,20.5
../data/raw/banana_set_large\IMG_20230213_085036_1_jpg.rf.9fb7e437b6b151bcd09596a91a5cfdd0.jpg,17.0,12.9
../data/raw/banana_set_large\IMG_20230213_085040_1_jpg.rf.bd6ef3e9e13c53a90c57c240bf775c1a.jpg,24.7,28.6
../data/raw/banana_set_large\IMG_20230213_085056_1_jpg.rf.a8f534cd27d5a8a429f472786383c595.jpg,21.1,16.8
../data/raw/banana_set_large\IMG_20230213_085101_jpg.rf.bcbd2994c6ec9f2c921a13f18d7b02b2.jpg,20.0,17.9
../data/raw/banana_set_large\IMG_20230213_085115_1_jpg.rf.9bc31ab3c7ae27df166ee959ec189904.jpg,20.3,13.6
../data/raw/banana_set_large\IMG_20230213_085126_jpg.rf.368692775c0ed343dce51c66a15f1fc1.jpg,32.3,41.4
../data/raw/banana_set_large\IMG_20230213_085133_1_jpg.rf.913687a2c58d19597dc78baab71e2f3f.jpg,26.6,24.3
../data/raw/banana_set_large\IMG_20230213_085203_1_jpg.rf.a7d5f69a2785a7ae1182a4df29a479b0.jpg,52.3,73.2
../data/raw/banana_set_large\IMG_20230213_085213_1_jpg.rf.a137fc5a52db780364c2ad41ebeff07c.jpg,22.9,6.6
../data/raw/banana_set_large\banan5_jpg.rf.4e630edd3389a46fb923bf8e499b978c.jpg,36.6,4.4
../data/raw/banana_set_large\banana10_jpg.rf.cafed985c047f2cda050dc710bdaa1d0.jpg,14.5,8.8
../data/raw/banana_set_large\banana11_jpg.rf.68b67701fc3a0987bdf7c75733d036e7.jpg,17.1,12.0
../data/raw/banana_set_large\banana12_jpg.rf.f4770c0d0e3f9a5bf16fff326793826f.jpg,43.7,52.6
../data/raw/banana_set_large\banana13_jpg.rf.3d733066c760b29eecd4ef079e1a1ec7.jpg,44.7,64.1
../data/raw/banana_set_large\banana14_jpg.rf.9fa2f2ce375e0ae79a3b25d16d08939d.jpg,36.4,1.8
../data/raw/banana_set_large\banana15_jpg.rf.0972f489b2eafde87cc41e7ad203fee4.jpg,22.4,2.3
../data/raw/banana_set_large\banana16_jpg.rf.c8a23dc084192407e186901348abf73e.jpg,29.9,2.1
../data/raw/banana_set_large\banana17_jpg.rf.b2482e38f9faee0973c2360b10d7c6a6.jpg,44.7,3.7
../data/raw/banana_set_large\banana18_jpg.rf.ac06d94cf6c5e31f7b895431bceed260.jpg,34.4,41.4
../data/raw/banana_set_large\banana19_jpg.rf.410ebffeae893c525d58cd635273ec24.jpg,15.5,9.7
../data/raw/banana_set_large\banana1_jpg.rf.34d322c6ed5d7f1ace7b99ad4039ce67.jpg,36.4,1.8
../data/raw/banana_set_large\banana20_jpg.rf.1434ce8c5ccd2962c34e3bd220e0b992.jpg,12.7,3.9
../data/raw/banana_set_large\banana20_jpg.rf.ea5e4b1ec7efc81a64726eed94b9ee0b.jpg,12.7,3.9
../data/raw/banana_set_large\banana21_jpg.rf.1f35cf08fb9c3ff845e7858191ab1379.jpg,25.6,8.2
../data/raw/banana_set_large\banana22_jpg.rf.e7dd8e529ac4958597a0d668d2bdc01a.jpg,18.6,5.9
../data/raw/banana_set_large\banana23_jpg.rf.c9174a42960d89f62e240772b994169a.jpg,26.9,10.7
../data/raw/banana_set_large\banana24_jpg.rf.da2c7022b3c87983b4788a1ac4a0c26e.jpg,36.6,4.4
../data/raw/banana_set_large\banana25_jpg.rf.fb7d261d979fbb8632ff7b2a390ff2e1.jpg,24.4,17.3
../data/raw/banana_set_large\banana26_jpg.rf.b2497c74cac441e2925458839122eece.jpg,32.1,14.2
../data/raw/banana_set_large\banana27_jpg.rf.61283293655fed20980ea237e9de766f.jpg,21.7,12.4
../data/raw/banana_set_large\banana28_jpg.rf.ef0a98261f8afe121542c82ddb7021ff.jpg,23.9,11.3
../data/raw/banana_set_large\banana29_jpg.rf.34c7d29ba600014e16ed1831d095401e.jpg,19.9,12.1
../data/raw/banana_set_large\banana2_jpg.rf.3d7bb036e2db828c631640e81ff8d2ec.jpg,22.4,2.3
../data/raw/banana_set_large\banana30_jpg.rf.59099638761e9ddefe44cb16fc167538.jpg,14.5,12.0
../data/raw/banana_set_large\banana31_jpg.rf.dd73a386debac4849b5de34bef94f3e4.jpg,14.5,8.8
../data/raw/banana_set_large\banana32_jpg.rf.ad0fcc636a03fe606d385b421ea872e6.jpg,17.1,12.0
../data/raw/banana_set_large\banana33_jpg.rf.511b55fa74bc9b36c7212c07475843f4.jpg,82.6,86.4
../data/raw/banana_set_large\banana34_jpg.rf.f6091da1e05cf09e22e3a422d6b52b00.jpg,19.3,45.2
../data/raw/banana_set_large\banana35_jpg.rf.0c7b0324cad1825089af7b2661050663.jpg,14.5,80.3
../data/raw/banana_set_large\banana36_jpg.rf.ca39dd65fad2939c91a6478a63ea6a07.jpg,16.8,70.6
../data/raw/banana_set_large\banana38_jpg.rf.aefa3a74ce15b201e568ffefe0904a7c.jpg,37.3,71.9
../data/raw/banana_set_large\banana39_jpg.rf.c729e45d7e9dbd0f13b9ddbce022087c.jpg,43.7,52.6
../data/raw/banana_set_large\banana3_jpg.rf.002df66d92ffd708664f41a027f56e77.jpg,29.9,2.1
../data/raw/banana_set_large\banana40_jpg.rf.ab8dc6a561c5ae1ef435da05f3506ee6.jpg,44.7,64.1
../data/raw/banana_set_large\banana41_jpg.rf.3df1bd913bc74d8d18a188096a922b20.jpg,9.3,53.9
../data/raw/banana_set_large\banana4_jpg.rf.8325fb5260f65c0d1539361950dfdddb.jpg,15.5,9.7
../data/raw/banana_set_large\banana6_jpg.rf.41235cebf8962c6dc58d3f8b4482f96e.jpg,27.4,10.6
../data/raw/banana_set_large\banana7_jpg.rf.8fe838ebca304fc91151f627f32f5eb1.jpg,23.9,11.3
../data/raw/banana_set_large\banana8_jpg.rf.22dd41a84e42abc0ce5865b6c1c041f4.jpg,19.9,12.1
../data/raw/banana_set_large\banana9_jpg.rf.7bae448b3e3a5c8957610b84cac8cc84.jpg,14.5,12.0
